vendor_id,vendor_name,capacity_contract_ratio,subcontract_share,yard_footprint_log,tech_staff_per_m,jqs_depth,expat_ratio,ncdf_compliance,prior_delivery,is_front
V0001,Westfield Energy Services Ltd.,0.811,0.232,4.305,2.801,6.206,0.473,0.878,5.0,0
V0002,Crestline Petroleum Nig. Ltd.,1.154,0.188,3.865,1.849,9.215,0.297,0.844,6.0,0
V0003,Crestline Integrated Systems Ltd.,1.393,0.537,1.843,1.342,7.028,0.179,0.61,2.0,0
V0004,Oceanic Engineering Group Ltd.,0.922,0.642,2.764,3.218,11.504,0.115,0.727,4.0,0
V0005,Trident Integrated Group Ltd.,0.532,0.362,3.619,2.593,7.881,0.101,0.479,1.0,1
V0006,Beacon Subsea Ltd.,0.517,0.397,3.251,6.62,2.099,0.326,0.959,4.0,0
V0007,Meridian Process Nig. Ltd.,0.479,0.756,3.361,2.372,0.474,0.366,0.326,4.0,1
V0008,Anchor Subsea Nig. Ltd.,0.942,0.492,3.963,3.975,7.948,0.072,1.0,2.0,0
V0009,Bonny Engineering Systems Ltd.,1.513,0.493,3.068,1.618,6.527,0.254,0.75,6.0,0
V0010,Atlas Pipeline Group Ltd.,1.38,0.279,4.74,2.905,9.035,0.06,0.749,5.0,0
V0011,Eastport Energy Services Ltd.,0.656,1.0,4.325,3.086,3.63,0.295,0.752,2.0,1
V0012,Anchor Marine Ltd.,0.555,0.525,2.884,2.83,8.779,0.302,0.518,2.0,0
V0013,Primewell Subsea Ltd.,1.351,0.552,3.417,1.733,4.592,0.148,1.0,2.0,0
V0014,Bonny Energy Company Ltd.,0.421,0.293,4.24,1.622,4.637,0.251,0.774,2.0,0
V0015,Harcourt Engineering Nig. Ltd.,1.864,0.05,3.752,3.776,9.534,0.143,0.675,7.0,0
V0016,Primewell Marine Systems Ltd.,0.05,0.785,3.987,0.918,12.278,0.494,1.0,9.0,0
V0017,Niger Petroleum Systems Ltd.,1.702,0.625,5.035,4.146,9.277,0.246,1.0,0.0,0
V0018,Bonny Subsea Nig. Ltd.,0.234,0.742,1.56,0.0,3.988,0.58,0.307,0.0,1
V0019,Rivers Offshore Company Ltd.,0.342,0.151,2.767,2.713,5.768,0.181,0.701,2.0,0
V0020,Trident Drilling Services Ltd.,2.05,0.688,3.776,0.732,9.058,0.283,0.747,5.0,0
V0021,Akwa Technical Partners Ltd.,1.398,0.479,3.191,2.979,3.378,0.335,0.808,6.0,0
V0022,Vanguard Offshore Systems Ltd.,0.495,0.604,2.708,2.623,8.009,0.41,0.502,5.0,0
V0023,Summit Integrated Nig. Ltd.,0.638,0.452,3.419,2.464,15.0,0.12,0.62,11.0,0
V0024,Gulf Subsea Nig. Ltd.,0.632,0.461,5.17,2.591,9.958,0.313,0.665,6.0,0
V0025,Riverside Integrated Company Ltd.,1.839,0.467,3.624,2.693,11.175,0.084,1.0,3.0,0
V0026,Meridian Drilling Group Ltd.,1.483,0.083,3.787,1.743,8.221,0.16,0.81,6.0,0
V0027,Pinnacle Integrated Ltd.,1.075,0.15,3.921,3.011,6.868,0.216,0.771,4.0,0
V0028,Riverside Offshore Nig. Ltd.,1.669,0.71,3.34,3.702,9.211,0.441,0.883,2.0,0
V0029,Coastline Subsea Ltd.,0.962,0.527,5.245,1.118,10.12,0.22,0.983,1.0,0
V0030,Niger Marine Systems Ltd.,1.671,0.557,3.872,4.381,6.027,0.133,0.89,1.0,0
V0031,Onne Maritime Systems Ltd.,0.372,0.507,3.513,3.406,3.985,0.146,0.572,4.0,0
V0032,Niger Process Group Ltd.,0.769,0.239,2.387,0.639,5.433,0.385,0.607,1.0,0
V0033,Seabright Drilling Ltd.,0.803,0.172,3.87,2.845,15.0,0.332,0.858,5.0,0
V0034,Seabright Drilling Solutions Ltd.,0.668,0.532,4.8,2.021,3.377,0.2,0.705,0.0,0
V0035,Beacon Fabrication Group Ltd.,1.312,0.205,4.264,2.237,6.679,0.162,0.636,5.0,0
V0036,Onne Integrated Group Ltd.,1.428,0.399,4.58,1.6,9.887,0.276,1.0,3.0,0
V0037,Rivers Oilfield Partners Ltd.,1.261,0.488,2.422,0.145,10.238,0.274,1.0,4.0,0
V0038,Primewell Subsea Services Ltd.,1.275,0.219,2.524,1.465,8.089,0.446,0.818,1.0,0
V0039,Qua Iboe Drilling Ltd.,1.881,0.627,2.45,2.253,11.731,0.539,0.907,4.0,1
V0040,Brass Energy Solutions Ltd.,0.932,0.403,3.662,3.222,6.118,0.268,0.941,5.0,0
V0041,Gulf Fabrication Solutions Ltd.,0.531,0.57,3.934,4.06,6.527,0.057,0.688,1.0,1
V0042,Anchor Process Group Ltd.,1.794,0.807,3.404,0.637,8.042,0.499,0.198,4.0,1
V0043,Brass Offshore Systems Ltd.,1.139,0.495,2.993,1.479,6.762,0.126,0.637,3.0,0
V0044,Eastport Offshore Nig. Ltd.,0.05,0.816,3.773,2.46,7.149,0.237,0.741,1.0,1
V0045,Oceanic Offshore Nig. Ltd.,0.277,0.594,2.724,3.753,6.439,0.336,0.746,11.0,0
V0046,Gulf Energy Solutions Ltd.,0.806,0.433,4.386,3.252,7.395,0.124,0.803,5.0,0
V0047,Atlas Technical Group Ltd.,0.067,0.579,1.658,2.581,7.338,0.307,0.656,2.0,1
V0048,Riverside Fabrication Ltd.,0.787,0.758,3.316,2.673,2.006,0.39,0.63,4.0,1
V0049,Meridian Drilling Solutions Ltd.,0.592,0.547,2.132,3.263,4.488,0.074,0.656,0.0,0
V0050,Coastline Integrated Group Ltd.,0.255,0.448,3.539,1.645,5.092,0.045,0.525,3.0,1
V0051,Qua Iboe Oilfield Group Ltd.,0.556,0.363,2.886,0.0,7.299,0.32,0.619,4.0,0
V0052,Meridian Offshore Services Ltd.,0.849,0.568,4.642,2.018,8.883,0.193,0.762,3.0,0
V0053,Anchor Marine Partners Ltd.,0.05,0.946,1.493,0.0,2.52,0.684,0.365,1.0,1
V0054,Rivers Energy Services Ltd.,0.193,0.558,2.76,2.159,5.535,0.355,0.736,7.0,1
V0055,Highland Integrated Services Ltd.,1.033,0.272,4.341,3.563,5.974,0.267,0.633,4.0,0
V0056,Calabar Fabrication Solutions Ltd.,0.793,0.274,2.715,3.79,4.23,0.292,0.898,5.0,0
V0057,Westfield Marine Company Ltd.,0.469,0.565,3.512,3.785,9.421,0.224,0.949,3.0,0
V0058,Northgate Drilling Company Ltd.,0.688,0.567,4.331,3.392,6.45,0.268,0.965,1.0,0
V0059,Harcourt Technical Partners Ltd.,0.875,0.609,3.132,1.787,9.073,0.587,0.481,6.0,1
V0060,Riverside Petroleum Solutions Ltd.,1.126,0.487,3.683,3.34,10.594,0.406,1.0,7.0,0
V0061,Delta Drilling Solutions Ltd.,0.435,0.472,2.704,1.731,10.888,0.124,0.918,4.0,0
V0062,Northgate Industrial Services Ltd.,0.804,0.597,2.661,2.929,8.729,0.086,0.718,5.0,0
V0063,Bayelsa Integrated Systems Ltd.,1.42,0.46,3.451,4.28,8.878,0.233,0.613,3.0,0
V0064,Akwa Drilling Systems Ltd.,1.707,0.336,5.288,3.27,5.639,0.206,0.592,2.0,0
V0065,Pinnacle Energy Systems Ltd.,0.218,0.521,4.812,0.0,11.48,0.327,1.0,5.0,0
V0066,Vanguard Drilling Group Ltd.,0.39,0.383,2.6,4.625,3.302,0.375,0.734,3.0,0
V0067,Westgate Process Nig. Ltd.,0.796,0.559,3.007,2.177,7.422,0.474,0.998,3.0,0
V0068,Forcados Integrated Services Ltd.,0.63,1.0,2.66,0.019,0.0,0.349,0.637,3.0,1
V0069,Oceanic Industrial Nig. Ltd.,0.05,0.786,1.914,0.911,0.0,0.195,0.861,0.0,1
V0070,Seabright Maritime Solutions Ltd.,0.05,0.692,2.74,0.548,4.241,0.481,0.433,0.0,1
V0071,Qua Iboe Fabrication Ltd.,0.715,0.805,3.162,0.343,0.155,0.303,0.31,2.0,1
V0072,Onne Subsea Systems Ltd.,0.552,0.256,3.968,3.225,5.925,0.083,0.996,2.0,0
V0073,Crestline Oilfield Company Ltd.,0.178,0.636,4.011,2.287,4.084,0.03,0.773,4.0,0
V0074,Harcourt Petroleum Systems Ltd.,0.712,0.299,3.339,2.914,1.873,0.295,0.642,0.0,1
V0075,Pinnacle Drilling Company Ltd.,0.767,0.472,4.018,4.154,8.231,0.212,0.588,5.0,0
V0076,Southfield Subsea Nig. Ltd.,0.87,0.21,3.922,2.954,9.367,0.351,0.422,4.0,0
V0077,Rivers Petroleum Partners Ltd.,1.351,0.243,4.296,0.763,1.233,0.301,0.635,4.0,0
V0078,Trident Marine Group Ltd.,0.713,0.576,3.965,3.708,3.082,0.298,1.0,3.0,0
V0079,Pinnacle Petroleum Company Ltd.,0.838,0.415,1.933,1.767,5.055,0.345,0.624,3.0,1
V0080,Forcados Fabrication Systems Ltd.,0.634,0.301,3.79,1.728,9.203,0.301,0.599,1.0,0
V0081,Escravos Petroleum Company Ltd.,0.924,0.239,1.967,2.219,0.0,0.153,0.757,2.0,0
V0082,Vanguard Fabrication Company Ltd.,0.738,0.37,3.251,1.328,2.426,0.468,0.456,3.0,0
V0083,Westgate Industrial Ltd.,1.256,0.727,3.664,1.767,1.351,0.526,0.553,3.0,1
V0084,Escravos Energy Services Ltd.,0.884,0.35,2.602,1.607,9.495,0.323,0.624,7.0,0
V0085,Riverside Fabrication Services Ltd.,0.157,0.216,2.479,1.585,7.541,0.527,0.651,2.0,1
V0086,Escravos Drilling Solutions Ltd.,1.239,0.057,3.441,3.547,2.78,0.372,0.712,4.0,0
V0087,Anchor Maritime Services Ltd.,0.798,0.769,4.746,3.118,6.666,0.453,0.592,5.0,0
V0088,Onne Process Nig. Ltd.,1.394,0.376,4.145,4.299,3.656,0.399,0.752,5.0,0
V0089,Eastport Petroleum Services Ltd.,0.05,0.668,3.965,3.507,9.78,0.304,0.705,7.0,0
V0090,Meridian Process Group Ltd.,0.74,0.849,1.808,2.025,7.887,0.258,0.338,3.0,1
V0091,Akwa Engineering Company Ltd.,1.628,0.515,2.952,3.4,7.499,0.169,1.0,5.0,0
V0092,Meridian Subsea Group Ltd.,0.382,0.715,3.045,2.934,0.168,0.621,0.713,3.0,1
V0093,Primewell Oilfield Systems Ltd.,0.664,0.561,4.062,2.903,5.636,0.317,0.678,11.0,0
V0094,Crestline Engineering Systems Ltd.,0.863,0.62,3.321,2.289,4.78,0.055,0.815,5.0,0
V0095,Highland Industrial Nig. Ltd.,0.784,0.679,3.144,1.795,6.667,0.556,0.965,2.0,1
V0096,Delta Industrial Systems Ltd.,1.666,0.397,3.462,1.132,6.822,0.338,0.915,8.0,0
V0097,Northgate Process Nig. Ltd.,1.196,0.571,4.051,6.036,8.114,0.155,0.59,4.0,0
V0098,Bayelsa Marine Solutions Ltd.,0.05,0.525,4.768,4.414,10.453,0.289,0.718,1.0,0
V0099,Pinnacle Drilling Nig. Ltd.,0.504,0.547,4.162,3.343,10.701,0.3,0.666,4.0,0
V0100,Highland Oilfield Systems Ltd.,0.432,0.344,3.744,1.973,1.059,0.236,0.866,1.0,0
V0101,Riverside Subsea Partners Ltd.,1.552,0.778,3.98,5.479,4.902,0.228,0.865,5.0,0
V0102,Delta Marine Company Ltd.,0.904,0.669,3.45,2.25,4.79,0.116,0.664,3.0,0
V0103,Niger Maritime Ltd.,1.333,0.326,3.893,2.44,8.363,0.203,1.0,3.0,0
V0104,Seabright Maritime Partners Ltd.,1.143,0.647,3.563,2.399,10.581,0.143,0.664,2.0,0
V0105,Escravos Offshore Partners Ltd.,1.162,0.248,2.603,3.127,9.311,0.344,0.6,5.0,0
V0106,Forcados Petroleum Nig. Ltd.,0.904,0.299,3.688,2.517,0.0,0.361,0.675,2.0,0
V0107,Summit Technical Ltd.,1.353,0.557,3.853,2.899,13.521,0.159,0.358,7.0,0
V0108,Delta Industrial Nig. Ltd.,1.407,0.034,3.612,1.834,13.231,0.576,0.398,5.0,0
V0109,Brass Maritime Nig. Ltd.,1.38,0.516,3.163,2.836,6.625,0.221,0.712,8.0,0
V0110,Qua Iboe Integrated Solutions Ltd.,0.827,0.289,4.057,2.629,9.171,0.31,0.638,6.0,0
V0111,Calabar Offshore Group Ltd.,1.198,0.493,2.598,3.353,1.354,0.326,0.44,0.0,0
V0112,Westfield Maritime Nig. Ltd.,0.409,0.619,3.545,2.052,8.165,0.345,0.526,3.0,1
V0113,Meridian Energy Ltd.,0.895,0.45,4.851,3.059,8.788,0.103,0.986,9.0,0
V0114,Harcourt Integrated Solutions Ltd.,0.458,0.814,1.288,1.313,3.865,0.363,0.181,0.0,1
V0115,Onne Energy Group Ltd.,0.529,0.341,4.369,2.712,10.065,0.319,0.623,9.0,0
V0116,Escravos Pipeline Services Ltd.,0.583,0.244,3.593,4.344,11.642,0.212,0.768,5.0,0
V0117,Rivers Technical Group Ltd.,0.289,0.376,3.813,1.44,8.537,0.16,0.509,2.0,0
V0118,Summit Industrial Partners Ltd.,0.563,0.488,3.267,3.021,3.1,0.238,0.416,5.0,0
V0119,Crestline Petroleum Solutions Ltd.,0.434,0.471,1.0,0.177,1.902,0.378,0.814,2.0,1
V0120,Pinnacle Oilfield Systems Ltd.,0.05,0.603,3.714,0.383,5.326,0.256,0.1,3.0,1
V0121,Oceanic Engineering Services Ltd.,0.678,0.829,4.98,2.371,6.13,0.064,0.555,4.0,0
V0122,Pinnacle Offshore Services Ltd.,1.66,0.305,3.47,4.123,0.944,0.172,0.629,6.0,0
V0123,Coastline Marine Systems Ltd.,1.08,0.462,3.992,2.465,11.652,0.159,0.758,2.0,0
V0124,Harcourt Technical Nig. Ltd.,0.49,0.909,2.901,1.977,4.482,0.257,1.0,4.0,1
V0125,Coastline Offshore Company Ltd.,1.022,0.502,3.29,3.788,6.771,0.181,1.0,3.0,0
V0126,Eastport Process Group Ltd.,0.468,0.116,2.625,2.865,7.598,0.141,0.746,5.0,0
V0127,Brass Technical Ltd.,0.812,0.313,3.596,0.267,14.521,0.303,0.461,7.0,0
V0128,Calabar Petroleum Partners Ltd.,1.834,0.498,3.814,1.851,7.459,0.0,0.748,5.0,0
V0129,Meridian Oilfield Nig. Ltd.,0.175,0.171,3.28,3.737,5.038,0.127,0.834,3.0,0
V0130,Atlas Offshore Nig. Ltd.,0.883,0.744,3.11,4.3,4.46,0.087,0.923,4.0,0
V0131,Coastline Process Group Ltd.,0.865,0.315,2.879,1.501,4.698,0.311,0.674,7.0,0
V0132,Westfield Industrial Nig. Ltd.,1.159,0.396,3.081,2.545,1.409,0.327,0.743,4.0,0
V0133,Qua Iboe Drilling Nig. Ltd.,0.686,0.358,3.35,3.281,5.731,0.123,0.907,8.0,0
V0134,Vanguard Pipeline Ltd.,1.587,0.22,3.308,1.007,10.353,0.198,0.842,11.0,0
V0135,Gulf Drilling Partners Ltd.,0.05,0.571,2.882,3.932,12.097,0.135,0.868,0.0,0
V0136,Trident Energy Group Ltd.,0.743,0.201,3.913,1.175,4.515,0.22,0.836,4.0,0
V0137,Highland Offshore Systems Ltd.,0.743,0.611,2.512,1.363,6.446,0.24,0.465,0.0,1
V0138,Seabright Offshore Ltd.,0.856,0.564,3.325,1.682,1.49,0.451,0.321,1.0,1
V0139,Primewell Offshore Group Ltd.,1.342,0.439,4.226,2.616,10.512,0.296,0.691,1.0,0
V0140,Warri Energy Company Ltd.,1.686,0.095,2.392,2.772,4.735,0.299,0.577,0.0,0
V0141,Oceanic Petroleum Systems Ltd.,0.332,0.689,2.113,3.451,6.56,0.274,1.0,3.0,0
V0142,Akwa Offshore Nig. Ltd.,0.794,0.35,3.749,2.546,10.186,0.479,0.914,0.0,0
V0143,Beacon Energy Company Ltd.,0.302,0.486,3.049,3.138,7.953,0.372,0.825,6.0,0
V0144,Rivers Marine Partners Ltd.,1.011,0.374,3.146,1.199,13.679,0.142,0.764,5.0,0
V0145,Westfield Pipeline Solutions Ltd.,0.366,0.509,4.09,1.953,10.808,0.275,0.468,3.0,0
V0146,Highland Marine Group Ltd.,1.909,0.86,3.866,5.26,3.771,0.168,0.807,0.0,0
V0147,Bayelsa Maritime Nig. Ltd.,1.935,0.052,2.932,2.435,6.858,0.391,0.514,2.0,0
V0148,Southfield Petroleum Services Ltd.,0.752,0.213,4.36,2.92,5.552,0.148,0.485,4.0,0
V0149,Meridian Technical Group Ltd.,0.912,0.529,3.159,2.39,8.475,0.474,0.884,6.0,0
V0150,Vanguard Technical Services Ltd.,0.251,0.517,2.269,2.377,3.91,0.347,0.933,3.0,0
V0151,Brass Industrial Company Ltd.,0.175,0.345,4.392,2.972,6.782,0.219,1.0,6.0,0
V0152,Onne Technical Group Ltd.,0.851,0.309,4.118,5.129,5.202,0.488,0.788,6.0,0
V0153,Meridian Petroleum Partners Ltd.,0.985,0.118,4.694,1.652,6.579,0.124,0.771,6.0,0
V0154,Bayelsa Marine Systems Ltd.,0.364,0.475,3.446,3.658,10.156,0.15,0.854,0.0,0
V0155,Anchor Pipeline Group Ltd.,0.87,0.53,3.612,2.939,10.957,0.091,0.987,5.0,0
V0156,Westfield Offshore Ltd.,0.929,0.272,3.88,3.419,5.324,0.202,0.35,2.0,0
V0157,Bonny Energy Solutions Ltd.,0.884,0.472,3.547,1.082,2.988,0.415,0.714,3.0,1
V0158,Gulf Process Partners Ltd.,0.846,1.0,4.83,1.347,0.0,0.32,0.93,4.0,1
V0159,Riverside Engineering Systems Ltd.,0.895,0.424,2.808,2.27,5.31,0.309,0.699,2.0,0
V0160,Summit Integrated Ltd.,1.909,0.26,3.628,2.42,4.273,0.215,1.0,5.0,0
V0161,Warri Maritime Solutions Ltd.,0.879,0.627,3.444,1.394,9.369,0.212,0.951,3.0,0
V0162,Rivers Energy Ltd.,0.655,0.586,2.935,4.11,13.63,0.529,0.636,3.0,1
V0163,Eastport Process Services Ltd.,0.739,0.741,5.6,4.402,7.022,0.215,0.615,6.0,0
V0164,Primewell Energy Services Ltd.,0.542,0.208,4.958,3.751,5.739,0.155,1.0,3.0,0
V0165,Coastline Technical Partners Ltd.,1.284,0.357,4.637,1.529,5.176,0.201,1.0,2.0,0
V0166,Onne Subsea Solutions Ltd.,0.365,0.35,4.328,4.713,9.67,0.248,0.966,8.0,0
V0167,Warri Energy Services Ltd.,1.342,0.354,2.807,1.993,10.314,0.094,0.589,4.0,0
V0168,Pinnacle Engineering Ltd.,1.173,0.154,4.793,3.539,6.678,0.285,0.768,5.0,0
V0169,Bonny Marine Group Ltd.,0.543,0.261,4.354,2.393,3.775,0.083,0.637,5.0,0
V0170,Akwa Engineering Services Ltd.,0.391,0.761,2.321,0.998,4.925,0.244,0.602,3.0,1
V0171,Westgate Process Partners Ltd.,0.426,0.636,4.122,3.583,6.602,0.28,0.943,3.0,0
V0172,Trident Process Nig. Ltd.,1.154,0.466,2.832,3.243,6.01,0.236,0.953,6.0,0
V0173,Northgate Integrated Nig. Ltd.,1.193,0.069,4.473,2.696,8.437,0.05,0.234,1.0,0
V0174,Coastline Subsea Services Ltd.,0.322,0.644,4.038,3.392,7.219,0.438,0.86,4.0,1
V0175,Southfield Oilfield Company Ltd.,1.087,0.253,4.825,1.942,3.07,0.244,0.666,5.0,0
V0176,Gulf Energy Ltd.,0.05,0.631,1.912,4.237,0.841,0.287,0.876,0.0,0
V0177,Beacon Subsea Systems Ltd.,0.809,0.653,3.411,1.31,8.916,0.349,0.637,8.0,0
V0178,Gulf Petroleum Ltd.,1.148,0.617,2.671,2.221,5.196,0.23,0.722,2.0,1
V0179,Riverside Process Solutions Ltd.,1.328,0.698,4.892,2.926,9.556,0.211,0.86,0.0,0
V0180,Escravos Maritime Partners Ltd.,1.112,0.158,2.809,2.018,3.204,0.327,0.867,4.0,0
V0181,Seabright Drilling Systems Ltd.,0.423,0.496,2.894,1.867,13.228,0.128,0.717,5.0,0
V0182,Delta Oilfield Partners Ltd.,0.754,0.106,2.318,1.121,9.369,0.298,0.705,3.0,0
V0183,Bayelsa Engineering Services Ltd.,0.085,0.58,1.767,0.0,2.15,0.578,0.672,3.0,1
V0184,Calabar Fabrication Group Ltd.,0.841,0.45,3.548,2.047,5.204,0.471,0.649,0.0,1
V0185,Westgate Oilfield Partners Ltd.,1.517,0.417,3.225,5.191,12.68,0.356,0.739,2.0,0
V0186,Brass Industrial Solutions Ltd.,1.117,0.207,3.503,3.043,6.885,0.11,0.81,5.0,0
V0187,Rivers Fabrication Systems Ltd.,1.408,0.443,4.74,3.966,12.255,0.156,0.533,4.0,0
V0188,Seabright Energy Partners Ltd.,0.552,0.509,4.013,0.984,9.322,0.402,0.527,7.0,0
V0189,Coastline Maritime Systems Ltd.,0.547,0.479,4.221,2.623,6.616,0.424,0.827,1.0,0
V0190,Rivers Marine Group Ltd.,0.582,0.381,3.82,3.158,5.727,0.118,0.913,4.0,0
V0191,Westfield Offshore Company Ltd.,0.715,0.735,3.254,3.587,9.36,0.545,0.92,0.0,1
V0192,Rivers Fabrication Company Ltd.,0.407,0.542,2.977,1.997,3.519,0.415,0.394,4.0,1
V0193,Delta Oilfield Ltd.,0.54,0.517,2.064,1.974,9.29,0.209,0.834,6.0,0
V0194,Rivers Maritime Ltd.,1.342,0.21,4.926,0.389,5.401,0.248,0.588,6.0,0
V0195,Westfield Technical Group Ltd.,0.56,0.533,3.499,1.341,9.552,0.374,0.796,2.0,0
V0196,Coastline Fabrication Services Ltd.,0.708,0.567,3.186,1.079,4.528,0.101,0.526,1.0,0
V0197,Primewell Maritime Group Ltd.,0.05,0.272,2.483,2.073,7.717,0.111,0.797,7.0,0
V0198,Gulf Marine Solutions Ltd.,0.4,0.568,3.086,1.319,4.152,0.638,0.942,4.0,1
V0199,Coastline Pipeline Company Ltd.,0.271,0.766,2.011,0.0,4.27,0.373,0.171,2.0,1
V0200,Oceanic Technical Nig. Ltd.,1.316,0.12,2.864,1.969,5.906,0.198,0.908,4.0,0
V0201,Brass Petroleum Systems Ltd.,1.517,0.356,4.816,1.306,11.009,0.39,0.707,5.0,0
V0202,Summit Process Partners Ltd.,0.547,0.448,4.033,3.116,6.476,0.455,0.891,1.0,1
V0203,Akwa Fabrication Partners Ltd.,0.05,0.693,1.89,0.73,3.125,0.29,0.147,2.0,1
V0204,Summit Technical Nig. Ltd.,1.355,0.282,2.712,2.719,11.715,0.069,1.0,8.0,0
V0205,Primewell Fabrication Nig. Ltd.,0.715,0.088,3.914,1.441,13.354,0.195,0.601,4.0,0
V0206,Anchor Energy Solutions Ltd.,0.673,0.652,4.543,1.29,11.135,0.214,1.0,3.0,1
V0207,Eastport Pipeline Nig. Ltd.,2.031,0.462,4.153,3.71,10.877,0.234,1.0,4.0,0
V0208,Gulf Maritime Services Ltd.,0.322,1.0,3.187,1.19,3.857,0.405,0.452,0.0,1
V0209,Oceanic Technical Solutions Ltd.,0.14,0.214,3.026,1.33,5.203,0.269,0.777,3.0,0
V0210,Oceanic Engineering Partners Ltd.,0.515,0.396,4.387,2.656,12.112,0.404,0.689,1.0,0
V0211,Beacon Petroleum Services Ltd.,1.69,0.594,4.272,3.294,6.543,0.352,0.902,0.0,0
V0212,Northgate Oilfield Services Ltd.,0.925,0.359,2.751,1.962,9.029,0.336,0.829,8.0,0
V0213,Crestline Engineering Ltd.,0.637,0.29,4.027,5.102,8.546,0.287,0.739,2.0,0
V0214,Coastline Technical Ltd.,0.617,0.549,2.602,0.904,0.996,0.227,0.496,7.0,1
V0215,Summit Offshore Company Ltd.,1.176,0.119,3.283,4.176,5.2,0.351,0.569,0.0,0
V0216,Pinnacle Energy Services Ltd.,1.03,0.597,3.76,4.308,13.549,0.349,0.93,4.0,0
V0217,Niger Fabrication Company Ltd.,0.348,0.644,2.871,3.32,9.184,0.36,0.83,4.0,0
V0218,Anchor Drilling Partners Ltd.,1.313,0.431,5.316,1.233,5.393,0.299,0.689,0.0,0
V0219,Westgate Process Group Ltd.,0.474,0.568,3.28,2.438,8.623,0.264,1.0,1.0,0
V0220,Meridian Petroleum Company Ltd.,0.723,0.632,3.79,0.868,5.785,0.159,0.348,7.0,0
V0221,Gulf Industrial Services Ltd.,0.878,1.0,4.52,3.617,11.302,0.43,0.712,1.0,1
V0222,Trident Engineering Systems Ltd.,0.694,0.441,2.308,2.625,0.0,0.216,0.75,4.0,0
V0223,Bonny Industrial Ltd.,0.948,0.471,4.136,2.949,3.09,0.488,0.446,2.0,1
V0224,Vanguard Offshore Ltd.,0.265,0.529,2.697,1.477,5.673,0.295,0.79,5.0,1
V0225,Akwa Maritime Nig. Ltd.,0.898,0.341,3.697,2.514,7.818,0.225,0.924,5.0,0
V0226,Bonny Engineering Ltd.,0.934,1.0,4.269,1.897,3.684,0.161,0.624,4.0,1
V0227,Anchor Maritime Solutions Ltd.,0.642,0.725,3.359,2.337,7.012,0.205,0.796,7.0,0
V0228,Beacon Technical Services Ltd.,0.05,1.0,2.961,0.0,1.357,0.575,0.235,1.0,1
V0229,Riverside Maritime Systems Ltd.,1.159,0.132,3.733,3.749,15.0,0.166,0.807,0.0,0
V0230,Westgate Fabrication Nig. Ltd.,1.073,0.321,3.85,2.491,3.105,0.196,0.751,4.0,0
V0231,Escravos Fabrication Company Ltd.,0.869,0.505,3.702,1.845,9.622,0.744,0.334,5.0,1
V0232,Seabright Marine Services Ltd.,1.228,0.534,4.224,2.837,9.365,0.138,0.918,2.0,0
V0233,Akwa Energy Systems Ltd.,0.533,0.316,3.211,1.688,6.538,0.217,0.71,3.0,0
V0234,Akwa Engineering Ltd.,1.608,0.089,2.592,4.012,5.88,0.357,0.804,10.0,0
V0235,Crestline Petroleum Ltd.,0.677,0.334,3.645,3.408,3.364,0.296,0.566,5.0,0
V0236,Gulf Marine Nig. Ltd.,0.05,0.76,4.098,2.477,3.139,0.566,0.489,1.0,1
V0237,Delta Process Company Ltd.,1.423,0.648,4.439,2.362,10.07,0.271,0.807,3.0,0
V0238,Onne Integrated Ltd.,1.35,0.238,3.382,2.434,12.06,0.367,0.806,5.0,0
V0239,Warri Drilling Group Ltd.,1.052,0.538,2.774,3.669,8.739,0.221,0.415,1.0,0
V0240,Forcados Maritime Ltd.,0.412,0.878,1.27,0.0,6.347,0.668,0.457,0.0,1
V0241,Coastline Maritime Solutions Ltd.,1.971,0.548,2.6,3.386,4.358,0.243,0.609,5.0,0
V0242,Niger Process Systems Ltd.,0.924,0.613,4.316,3.931,4.073,0.124,0.387,4.0,0
V0243,Qua Iboe Engineering Company Ltd.,1.377,0.513,2.76,3.437,8.208,0.153,0.985,4.0,0
V0244,Niger Offshore Company Ltd.,0.124,0.612,1.703,2.866,1.698,0.369,0.698,4.0,0
V0245,Seabright Technical Ltd.,0.11,0.855,2.327,0.0,2.939,0.372,0.254,2.0,1
V0246,Calabar Pipeline Partners Ltd.,0.992,0.795,3.801,3.933,8.573,0.139,0.823,0.0,1
V0247,Forcados Energy Group Ltd.,0.895,0.661,5.078,0.277,5.549,0.451,0.464,5.0,1
V0248,Anchor Drilling Group Ltd.,0.411,0.267,3.121,3.847,12.386,0.468,0.93,0.0,0
V0249,Westfield Process Company Ltd.,0.34,0.651,3.198,1.58,4.149,0.343,0.422,3.0,1
V0250,Pinnacle Energy Group Ltd.,0.661,0.526,3.545,3.117,5.264,0.324,0.787,5.0,1
V0251,Coastline Industrial Nig. Ltd.,0.508,1.0,1.908,0.741,0.638,0.322,0.265,0.0,1
V0252,Primewell Technical Group Ltd.,1.722,0.376,2.712,3.262,4.713,0.248,0.699,1.0,0
V0253,Rivers Fabrication Solutions Ltd.,0.681,0.309,3.003,0.7,3.74,0.375,0.729,6.0,0
V0254,Beacon Oilfield Nig. Ltd.,0.476,0.196,3.762,0.939,2.151,0.209,0.624,6.0,0
V0255,Riverside Drilling Partners Ltd.,0.445,0.615,2.278,1.521,6.881,0.421,0.48,5.0,1
V0256,Anchor Fabrication Services Ltd.,1.292,0.179,3.612,1.524,9.69,0.246,0.702,2.0,0
V0257,Oceanic Fabrication Nig. Ltd.,0.53,0.624,2.226,1.895,6.053,0.485,0.737,1.0,1
V0258,Coastline Oilfield Ltd.,1.377,0.141,2.585,1.648,8.036,0.37,0.774,4.0,0
V0259,Delta Technical Partners Ltd.,0.635,0.504,2.144,4.704,4.671,0.28,1.0,0.0,0
V0260,Riverside Drilling Solutions Ltd.,1.587,0.645,3.525,1.681,5.221,0.203,0.719,3.0,1
V0261,Akwa Marine Group Ltd.,1.456,0.39,2.088,1.688,2.944,0.196,0.736,5.0,0
V0262,Primewell Offshore Company Ltd.,0.502,0.356,3.762,2.635,12.582,0.357,0.614,2.0,0
V0263,Anchor Pipeline Partners Ltd.,0.821,0.667,3.841,2.405,8.196,0.38,0.384,3.0,0
V0264,Brass Drilling Services Ltd.,0.72,0.281,3.193,3.452,7.875,0.273,0.629,5.0,0
V0265,Warri Industrial Solutions Ltd.,0.763,0.38,3.588,2.089,4.639,0.05,0.501,6.0,0
V0266,Crestline Offshore Ltd.,1.413,0.487,1.772,2.159,4.607,0.0,0.642,3.0,0
V0267,Warri Technical Nig. Ltd.,0.308,0.897,4.703,2.982,3.775,0.341,0.892,2.0,1
V0268,Delta Petroleum Solutions Ltd.,0.05,0.558,3.957,3.318,7.833,0.273,1.0,6.0,0
V0269,Forcados Process Systems Ltd.,1.112,0.329,3.156,2.008,6.667,0.024,0.956,6.0,0
V0270,Rivers Engineering Services Ltd.,1.338,0.249,3.803,2.506,6.194,0.088,0.777,3.0,0
V0271,Eastport Process Ltd.,0.05,0.783,2.436,0.349,5.635,0.67,0.51,0.0,1
V0272,Eastport Energy Nig. Ltd.,0.747,0.582,2.4,0.423,2.903,0.375,0.372,4.0,1
V0273,Eastport Oilfield Systems Ltd.,0.264,0.785,3.782,0.444,7.628,0.408,0.578,4.0,1
V0274,Akwa Integrated Nig. Ltd.,1.105,0.27,4.517,0.62,4.086,0.0,0.781,6.0,0
V0275,Akwa Process Services Ltd.,0.596,0.523,2.814,0.149,7.16,0.44,0.775,1.0,1
V0276,Brass Maritime Partners Ltd.,0.213,0.662,4.196,2.112,8.634,0.448,0.314,4.0,1
V0277,Trident Technical Group Ltd.,0.747,0.373,4.055,2.033,8.276,0.251,0.922,5.0,0
V0278,Coastline Integrated Ltd.,0.05,1.0,1.0,1.816,0.927,0.425,0.203,1.0,1
V0279,Southfield Technical Company Ltd.,0.438,0.456,2.902,4.499,7.172,0.466,0.796,5.0,0
V0280,Eastport Maritime Partners Ltd.,1.125,0.171,3.118,3.428,4.339,0.321,0.635,0.0,0
V0281,Anchor Oilfield Group Ltd.,1.667,0.364,3.306,2.704,10.168,0.431,0.8,8.0,0
V0282,Bayelsa Offshore Systems Ltd.,0.836,0.145,3.447,5.118,9.613,0.133,0.79,6.0,0
V0283,Oceanic Integrated Group Ltd.,0.575,0.253,5.6,2.814,13.485,0.192,0.536,3.0,0
V0284,Primewell Marine Ltd.,0.793,0.231,3.389,3.427,6.328,0.326,0.513,0.0,0
V0285,Escravos Energy Systems Ltd.,0.71,0.881,2.966,1.841,7.786,0.161,0.455,3.0,1
V0286,Gulf Industrial Solutions Ltd.,1.171,0.454,2.538,5.108,0.0,0.351,0.254,0.0,0
V0287,Forcados Marine Partners Ltd.,0.244,0.917,2.533,0.186,0.0,0.411,0.494,4.0,1
V0288,Rivers Maritime Nig. Ltd.,0.685,0.228,3.47,3.903,7.207,0.047,0.39,2.0,0
V0289,Harcourt Drilling Ltd.,1.53,0.265,3.792,3.44,9.81,0.149,0.891,3.0,0
V0290,Bonny Technical Partners Ltd.,0.781,0.44,4.704,3.163,3.6,0.159,0.643,4.0,0
V0291,Beacon Subsea Services Ltd.,0.417,0.219,1.703,3.861,9.832,0.544,0.468,8.0,0
V0292,Rivers Process Ltd.,0.744,0.672,3.257,1.02,6.8,0.421,0.773,2.0,1
V0293,Primewell Offshore Nig. Ltd.,0.355,0.457,3.145,1.045,7.054,0.417,0.778,0.0,0
V0294,Westgate Marine Nig. Ltd.,0.57,0.502,3.628,2.616,2.433,0.199,1.0,3.0,0
V0295,Warri Integrated Solutions Ltd.,0.916,0.413,4.919,2.651,8.473,0.483,0.728,5.0,0
V0296,Westgate Process Services Ltd.,0.943,0.482,5.452,3.428,3.769,0.28,0.57,4.0,0
V0297,Meridian Process Ltd.,1.328,1.0,1.703,1.603,7.71,0.622,0.615,2.0,1
V0298,Highland Oilfield Solutions Ltd.,1.09,0.668,4.631,2.863,10.556,0.514,0.831,0.0,1
V0299,Bayelsa Offshore Partners Ltd.,1.084,0.171,3.505,2.391,12.235,0.383,0.845,5.0,0
V0300,Warri Engineering Nig. Ltd.,1.245,0.516,3.548,1.823,7.328,0.225,0.687,5.0,0
V0301,Vanguard Oilfield Services Ltd.,0.16,0.485,1.55,2.545,0.727,0.346,0.528,6.0,1
V0302,Delta Offshore Nig. Ltd.,0.395,0.222,4.688,0.0,5.439,0.336,0.881,7.0,0
V0303,Pinnacle Subsea Nig. Ltd.,0.805,0.229,3.712,2.791,8.812,0.271,0.572,3.0,0
V0304,Seabright Engineering Ltd.,0.576,0.61,2.681,0.0,2.694,0.238,0.755,2.0,1
V0305,Crestline Process Nig. Ltd.,1.004,0.082,3.425,1.692,2.503,0.127,1.0,5.0,0
V0306,Calabar Pipeline Nig. Ltd.,1.245,0.426,3.297,1.745,13.784,0.056,0.726,8.0,0
V0307,Oceanic Offshore Systems Ltd.,0.878,0.494,3.029,3.377,10.011,0.082,0.573,5.0,0
V0308,Bonny Offshore Company Ltd.,1.12,0.503,3.387,0.0,8.337,0.193,0.935,3.0,0
V0309,Escravos Energy Partners Ltd.,0.427,0.514,3.888,0.978,11.782,0.052,0.706,0.0,0
V0310,Forcados Marine Group Ltd.,0.05,0.708,2.697,1.632,4.352,0.342,0.765,1.0,1
V0311,Calabar Process Company Ltd.,0.947,0.294,5.166,1.931,2.649,0.218,0.619,2.0,0
V0312,Highland Industrial Services Ltd.,0.34,0.45,3.432,2.072,10.62,0.015,0.739,4.0,0
V0313,Highland Fabrication Group Ltd.,0.494,0.413,3.249,2.619,7.525,0.134,0.689,6.0,0
V0314,Warri Technical Solutions Ltd.,0.583,0.365,3.824,2.156,3.579,0.294,0.94,6.0,0
V0315,Beacon Energy Group Ltd.,1.425,0.644,4.508,2.813,10.845,0.399,0.943,0.0,1
V0316,Beacon Maritime Company Ltd.,0.386,0.132,2.689,1.932,4.688,0.27,0.911,0.0,0
V0317,Akwa Marine Nig. Ltd.,0.621,0.688,2.736,1.48,5.205,0.34,0.976,6.0,0
V0318,Atlas Process Systems Ltd.,0.259,0.621,3.291,1.162,2.935,0.281,0.927,0.0,0
V0319,Gulf Offshore Nig. Ltd.,0.533,0.496,2.937,2.16,8.574,0.548,0.68,6.0,1
V0320,Crestline Energy Partners Ltd.,0.603,0.678,4.717,3.09,6.729,0.186,0.915,2.0,0
V0321,Westfield Technical Ltd.,0.05,0.408,4.924,2.653,4.281,0.198,0.408,1.0,0
V0322,Highland Technical Partners Ltd.,1.583,0.272,4.336,4.556,11.227,0.346,0.635,3.0,0
V0323,Westfield Petroleum Partners Ltd.,0.462,0.541,3.5,1.752,5.151,0.306,0.671,9.0,0
V0324,Qua Iboe Pipeline Group Ltd.,0.05,0.655,1.0,0.301,0.0,0.484,0.399,0.0,1
V0325,Bonny Engineering Company Ltd.,1.178,0.696,3.044,0.107,10.886,0.38,0.871,4.0,0
V0326,Highland Offshore Partners Ltd.,0.538,0.205,3.765,1.061,0.861,0.097,0.693,0.0,0
V0327,Gulf Industrial Company Ltd.,0.099,0.342,3.594,2.69,9.958,0.313,0.818,4.0,0
V0328,Oceanic Maritime Solutions Ltd.,1.286,0.0,3.528,1.983,12.685,0.32,0.824,7.0,0
V0329,Atlas Offshore Group Ltd.,0.405,0.493,3.265,1.224,8.242,0.411,0.595,6.0,0
V0330,Niger Technical Ltd.,0.77,0.159,4.403,2.942,2.62,0.346,0.575,0.0,0
V0331,Anchor Marine Solutions Ltd.,0.171,0.759,3.111,0.0,0.0,0.555,0.21,0.0,1
V0332,Delta Process Nig. Ltd.,0.363,0.525,4.148,4.217,8.462,0.503,0.858,2.0,1
V0333,Oceanic Offshore Services Ltd.,0.979,0.33,4.287,2.845,7.331,0.311,0.771,4.0,0
V0334,Pinnacle Offshore Systems Ltd.,1.119,0.4,4.611,1.899,8.164,0.074,0.844,2.0,0
V0335,Summit Maritime Solutions Ltd.,0.834,0.398,3.459,1.186,11.24,0.201,0.784,3.0,0
V0336,Oceanic Energy Nig. Ltd.,0.657,0.515,4.523,1.416,6.199,0.327,0.998,3.0,0
V0337,Onne Petroleum Nig. Ltd.,0.304,0.307,3.481,2.122,6.154,0.313,0.507,0.0,0
V0338,Forcados Offshore Systems Ltd.,1.908,0.513,2.717,4.052,9.365,0.3,0.753,4.0,0
V0339,Warri Engineering Ltd.,0.604,0.465,2.085,1.437,3.431,0.555,0.565,3.0,1
V0340,Bayelsa Industrial Nig. Ltd.,1.413,0.365,1.97,2.251,5.1,0.404,0.823,6.0,0
V0341,Bayelsa Marine Group Ltd.,1.233,0.745,4.592,1.237,2.086,0.327,1.0,6.0,0
V0342,Akwa Petroleum Partners Ltd.,0.16,0.831,2.521,0.728,1.787,0.574,0.611,0.0,1
V0343,Vanguard Pipeline Services Ltd.,0.563,0.475,3.398,3.69,7.756,0.249,0.748,3.0,0
V0344,Niger Technical Nig. Ltd.,1.838,0.519,3.145,3.706,6.294,0.417,0.645,3.0,0
V0345,Warri Subsea Partners Ltd.,0.385,0.647,4.129,2.735,8.498,0.435,0.861,0.0,0
V0346,Warri Maritime Company Ltd.,0.748,0.307,5.175,0.571,10.604,0.111,0.786,4.0,0
V0347,Westfield Oilfield Solutions Ltd.,1.083,0.461,3.026,2.07,6.21,0.225,0.834,8.0,0
V0348,Calabar Process Services Ltd.,0.731,1.0,3.197,1.054,6.163,0.537,0.598,3.0,1
V0349,Bonny Maritime Group Ltd.,0.863,0.395,3.715,0.0,3.112,0.188,1.0,6.0,0
V0350,Southfield Maritime Partners Ltd.,1.192,0.644,4.373,2.262,6.39,0.163,0.745,5.0,0
V0351,Meridian Pipeline Group Ltd.,0.6,0.434,3.078,1.046,9.882,0.367,0.921,0.0,0
V0352,Primewell Marine Nig. Ltd.,0.694,0.711,3.447,0.931,6.996,0.352,0.691,2.0,0
V0353,Akwa Industrial Systems Ltd.,0.268,0.525,3.341,2.647,6.692,0.201,0.696,9.0,0
V0354,Escravos Energy Nig. Ltd.,0.738,0.956,2.104,0.348,8.845,0.189,0.352,0.0,1
V0355,Pinnacle Oilfield Ltd.,0.579,0.556,3.517,1.677,7.342,0.252,0.536,1.0,1
V0356,Onne Drilling Partners Ltd.,1.213,0.529,4.001,2.281,6.18,0.36,0.761,3.0,1
V0357,Summit Drilling Services Ltd.,2.242,0.306,3.193,0.751,8.698,0.295,0.547,3.0,0
V0358,Gulf Pipeline Solutions Ltd.,1.443,0.652,3.9,2.471,7.667,0.153,0.748,6.0,0
V0359,Forcados Technical Group Ltd.,0.05,0.644,1.671,2.946,5.188,0.333,0.544,2.0,1
V0360,Westgate Engineering Systems Ltd.,0.76,0.313,3.65,1.024,4.686,0.19,0.587,7.0,0
V0361,Summit Integrated Company Ltd.,1.302,0.484,4.225,2.454,2.603,0.363,0.58,8.0,0
V0362,Northgate Petroleum Nig. Ltd.,1.93,0.435,3.196,2.92,4.913,0.231,0.822,5.0,0
V0363,Onne Engineering Systems Ltd.,1.27,0.178,3.123,3.149,11.133,0.358,0.521,5.0,0
V0364,Oceanic Maritime Ltd.,0.328,0.751,3.647,2.464,6.824,0.486,0.687,2.0,1
V0365,Oceanic Energy Partners Ltd.,1.479,0.318,2.06,4.372,3.237,0.053,0.714,0.0,0
V0366,Coastline Fabrication Nig. Ltd.,1.128,0.66,2.854,2.846,8.13,0.361,0.909,7.0,0
V0367,Highland Technical Nig. Ltd.,0.615,0.27,4.264,4.187,11.308,0.164,0.919,5.0,0
V0368,Warri Process Systems Ltd.,1.194,0.443,3.959,1.617,6.018,0.095,0.931,7.0,0
V0369,Onne Drilling Nig. Ltd.,1.399,0.266,3.705,2.069,3.782,0.022,0.751,4.0,0
V0370,Calabar Drilling Solutions Ltd.,0.792,0.248,2.357,3.769,6.406,0.12,0.951,3.0,0
V0371,Crestline Petroleum Systems Ltd.,0.52,0.683,4.896,1.349,4.509,0.182,0.751,9.0,0
V0372,Rivers Drilling Systems Ltd.,1.525,0.542,3.143,2.349,12.777,0.247,0.979,4.0,0
V0373,Northgate Process Ltd.,0.382,0.766,3.207,0.534,6.913,0.452,0.466,2.0,1
V0374,Seabright Technical Group Ltd.,0.431,0.322,4.454,2.538,8.663,0.386,0.654,4.0,0
V0375,Akwa Maritime Partners Ltd.,0.05,0.735,1.807,0.691,3.376,0.406,0.666,2.0,1
V0376,Brass Energy Ltd.,1.227,0.0,4.422,3.443,8.792,0.03,0.554,2.0,0
V0377,Harcourt Maritime Nig. Ltd.,0.159,0.584,3.468,0.495,0.0,0.269,0.88,3.0,0
V0378,Seabright Subsea Ltd.,0.415,0.497,4.438,2.273,6.121,0.264,0.847,2.0,1
V0379,Crestline Maritime Group Ltd.,0.735,0.867,4.409,1.631,7.668,0.289,0.719,6.0,1
V0380,Primewell Process Nig. Ltd.,0.802,0.184,3.375,1.593,2.598,0.0,0.884,5.0,0
V0381,Southfield Marine Company Ltd.,0.778,0.259,3.741,2.801,5.438,0.0,0.484,3.0,0
V0382,Riverside Pipeline Company Ltd.,0.27,0.597,3.165,0.844,7.601,0.325,0.584,2.0,1
V0383,Atlas Energy Company Ltd.,0.05,0.871,1.416,0.432,4.292,0.633,0.408,3.0,1
V0384,Trident Pipeline Solutions Ltd.,1.0,0.615,3.082,3.563,7.623,0.349,0.804,0.0,0
V0385,Warri Petroleum Group Ltd.,1.334,0.263,3.664,3.777,8.043,0.158,0.662,0.0,0
V0386,Westgate Fabrication Services Ltd.,0.288,0.858,2.772,0.755,3.944,0.497,0.599,0.0,1
V0387,Qua Iboe Maritime Services Ltd.,1.17,0.561,3.892,4.137,9.672,0.421,0.866,3.0,0
V0388,Rivers Drilling Group Ltd.,0.575,0.813,2.898,2.218,7.31,0.131,0.385,5.0,1
V0389,Niger Pipeline Ltd.,0.95,1.0,2.014,0.455,6.194,0.244,0.531,0.0,1
V0390,Westfield Industrial Ltd.,1.745,0.198,3.164,2.166,9.727,0.426,0.579,4.0,0
V0391,Meridian Maritime Systems Ltd.,1.381,0.579,2.126,3.92,10.394,0.263,0.959,1.0,0
V0392,Rivers Pipeline Solutions Ltd.,1.396,0.569,3.661,2.743,6.065,0.136,0.897,6.0,0
V0393,Seabright Marine Solutions Ltd.,0.655,0.81,2.72,4.004,3.614,0.434,0.415,3.0,1
V0394,Vanguard Drilling Solutions Ltd.,0.316,0.817,2.02,1.897,8.826,0.332,0.725,0.0,1
V0395,Northgate Integrated Company Ltd.,0.05,0.559,3.397,3.192,4.372,0.202,0.809,2.0,1
V0396,Northgate Maritime Systems Ltd.,1.148,0.262,2.362,2.378,1.576,0.248,0.795,1.0,0
V0397,Bonny Petroleum Partners Ltd.,0.306,0.987,2.061,2.36,5.605,0.652,0.408,2.0,1
V0398,Northgate Integrated Ltd.,1.152,0.266,3.107,3.188,5.631,0.092,0.529,2.0,0
V0399,Oceanic Process Systems Ltd.,1.365,0.401,3.293,3.878,8.039,0.111,0.979,6.0,0
V0400,Southfield Maritime Systems Ltd.,1.873,0.322,2.607,0.469,3.616,0.318,0.436,7.0,0
V0401,Summit Oilfield Partners Ltd.,0.433,0.55,2.324,1.051,1.468,0.166,0.999,0.0,0
V0402,Gulf Petroleum Group Ltd.,0.993,0.202,3.268,2.823,8.507,0.191,0.773,6.0,0
V0403,Delta Drilling Nig. Ltd.,0.999,0.296,3.432,2.924,10.841,0.187,1.0,6.0,0
V0404,Pinnacle Process Systems Ltd.,0.714,0.678,2.718,1.216,7.13,0.302,0.642,6.0,1
V0405,Westfield Drilling Group Ltd.,1.386,0.577,3.796,2.882,3.078,0.449,0.893,2.0,0
V0406,Primewell Petroleum Company Ltd.,0.955,0.59,4.157,3.328,0.97,0.314,0.28,3.0,1
V0407,Warri Process Ltd.,0.41,0.522,2.095,2.047,5.218,0.25,0.891,5.0,0
V0408,Summit Maritime Partners Ltd.,1.037,0.442,2.45,2.305,9.224,0.315,0.492,3.0,0
V0409,Escravos Subsea Solutions Ltd.,1.013,0.268,3.834,0.464,2.816,0.117,0.649,4.0,0
V0410,Bayelsa Drilling Company Ltd.,0.685,0.473,3.464,0.912,8.569,0.165,0.982,6.0,0
V0411,Pinnacle Oilfield Services Ltd.,1.192,0.184,3.494,1.703,5.152,0.121,0.746,6.0,0
V0412,Akwa Process Group Ltd.,0.291,0.946,1.309,0.754,0.802,0.365,0.371,1.0,1
V0413,Escravos Drilling Systems Ltd.,2.194,0.487,3.622,3.208,7.12,0.246,0.786,4.0,0
V0414,Forcados Pipeline Ltd.,0.311,0.832,3.027,2.71,7.167,0.326,1.0,4.0,1
V0415,Forcados Pipeline Nig. Ltd.,0.604,0.599,2.543,2.396,5.925,0.185,0.739,2.0,0
V0416,Oceanic Process Partners Ltd.,0.902,0.247,4.258,2.458,9.632,0.237,0.753,3.0,0
V0417,Niger Engineering Company Ltd.,0.64,0.853,4.658,0.934,7.055,0.55,0.592,0.0,1
V0418,Beacon Subsea Solutions Ltd.,0.05,0.898,1.943,0.701,0.0,0.194,0.439,3.0,1
V0419,Atlas Technical Company Ltd.,0.814,0.191,2.556,3.145,8.141,0.209,0.66,0.0,0
V0420,Anchor Petroleum Systems Ltd.,1.044,0.285,2.559,2.601,3.038,0.51,0.764,3.0,0
V0421,Seabright Industrial Partners Ltd.,1.317,0.604,4.377,3.467,5.834,0.38,0.658,2.0,0
V0422,Eastport Integrated Partners Ltd.,0.99,0.383,2.834,3.938,7.496,0.274,0.698,1.0,0
V0423,Seabright Pipeline Services Ltd.,0.419,0.434,3.061,2.313,1.191,0.288,0.469,1.0,0
V0424,Trident Marine Nig. Ltd.,0.518,0.382,4.096,1.242,2.194,0.299,0.467,4.0,0
V0425,Onne Drilling Solutions Ltd.,0.687,0.303,3.22,1.877,15.0,0.362,0.809,3.0,0
V0426,Westgate Maritime Partners Ltd.,1.026,0.316,3.541,3.806,6.87,0.289,0.731,4.0,0
V0427,Highland Energy Nig. Ltd.,1.049,0.461,4.083,3.088,11.994,0.274,0.6,6.0,0
V0428,Anchor Integrated Partners Ltd.,0.88,0.389,3.918,4.477,14.686,0.262,0.529,0.0,0
V0429,Forcados Industrial Group Ltd.,0.371,0.471,2.906,4.118,12.091,0.098,0.777,3.0,0
V0430,Westfield Fabrication Partners Ltd.,0.279,0.367,3.853,2.183,8.324,0.382,0.865,5.0,0
V0431,Trident Integrated Nig. Ltd.,1.23,0.667,2.053,1.359,3.683,0.185,0.752,0.0,0
V0432,Gulf Drilling Services Ltd.,0.301,0.431,2.635,1.707,5.533,0.189,0.307,2.0,1
V0433,Akwa Integrated Systems Ltd.,0.152,0.174,4.475,1.728,13.676,0.235,0.543,6.0,0
V0434,Bayelsa Maritime Ltd.,0.851,0.54,3.002,2.271,2.474,0.178,0.634,6.0,0
V0435,Forcados Oilfield Partners Ltd.,1.12,0.42,3.671,2.812,11.947,0.429,1.0,5.0,0
V0436,Bayelsa Offshore Group Ltd.,0.693,0.704,5.007,1.823,10.845,0.17,0.548,3.0,0
V0437,Qua Iboe Fabrication Nig. Ltd.,0.05,0.906,1.952,2.54,1.802,0.628,0.339,3.0,1
V0438,Eastport Drilling Systems Ltd.,0.579,0.751,2.561,2.524,0.0,0.382,0.492,0.0,1
V0439,Escravos Integrated Services Ltd.,0.572,0.381,3.264,1.502,5.359,0.0,0.573,6.0,0
V0440,Atlas Process Ltd.,0.711,0.641,3.109,0.0,8.365,0.099,0.411,0.0,1
V0441,Pinnacle Marine Company Ltd.,0.26,0.396,2.387,2.177,3.405,0.174,0.474,0.0,0
V0442,Beacon Drilling Ltd.,1.011,0.184,4.373,3.284,7.91,0.174,0.655,7.0,0
V0443,Anchor Process Solutions Ltd.,0.665,0.378,3.057,3.363,5.756,0.047,0.641,4.0,0
V0444,Rivers Engineering Systems Ltd.,0.479,0.32,4.614,2.573,7.622,0.334,0.512,6.0,0
V0445,Gulf Pipeline Services Ltd.,1.353,0.541,3.377,3.184,4.886,0.385,0.774,3.0,0
V0446,Highland Subsea Services Ltd.,1.353,0.128,3.122,1.696,9.574,0.2,0.719,3.0,0
V0447,Primewell Integrated Systems Ltd.,1.633,0.572,3.746,4.27,11.126,0.422,0.721,7.0,0
V0448,Qua Iboe Integrated Nig. Ltd.,0.828,0.611,3.094,4.315,8.455,0.387,0.761,1.0,0
V0449,Crestline Subsea Group Ltd.,1.089,0.667,2.592,0.653,7.445,0.265,0.598,3.0,1
V0450,Coastline Maritime Services Ltd.,0.882,0.285,1.936,3.232,11.797,0.312,0.553,0.0,0
V0451,Coastline Marine Ltd.,1.292,0.514,4.251,1.807,11.284,0.222,0.662,0.0,0
V0452,Primewell Engineering Group Ltd.,0.842,0.376,4.318,5.571,2.81,0.169,1.0,6.0,0
V0453,Bonny Subsea Solutions Ltd.,0.258,0.439,4.831,2.81,5.831,0.32,1.0,4.0,0
V0454,Westfield Subsea Ltd.,1.321,0.473,1.162,6.083,15.0,0.223,0.882,4.0,0
V0455,Meridian Fabrication Services Ltd.,0.809,0.481,3.585,1.156,4.66,0.021,0.687,2.0,0
V0456,Escravos Marine Solutions Ltd.,0.279,0.749,2.304,0.829,7.354,0.51,0.335,1.0,1
V0457,Northgate Drilling Systems Ltd.,1.444,0.63,5.022,1.036,1.159,0.352,0.793,0.0,0
V0458,Qua Iboe Oilfield Company Ltd.,0.622,0.737,1.78,1.172,6.754,0.605,0.63,3.0,1
V0459,Riverside Offshore Solutions Ltd.,2.131,0.342,3.292,4.475,9.483,0.086,0.752,3.0,0
V0460,Pinnacle Engineering Solutions Ltd.,1.07,0.451,4.735,2.453,4.029,0.138,0.653,3.0,0
V0461,Beacon Integrated Services Ltd.,1.337,0.57,3.966,4.333,0.0,0.274,0.832,4.0,0
V0462,Anchor Petroleum Group Ltd.,0.679,0.79,1.292,2.931,10.719,0.205,0.651,5.0,1
V0463,Warri Petroleum Systems Ltd.,1.079,0.528,4.474,2.238,3.879,0.117,1.0,0.0,0
V0464,Delta Drilling Ltd.,0.629,0.437,3.489,0.075,0.0,0.564,0.377,1.0,1
V0465,Bonny Industrial Group Ltd.,0.964,0.372,4.341,3.441,12.219,0.069,0.766,7.0,0
V0466,Brass Oilfield Systems Ltd.,1.432,0.464,3.883,0.0,8.771,0.36,0.992,1.0,0
V0467,Summit Petroleum Solutions Ltd.,0.996,0.81,4.752,1.955,9.97,0.271,0.727,2.0,1
V0468,Northgate Engineering Nig. Ltd.,1.255,0.636,4.443,1.67,5.286,0.306,0.956,5.0,0
V0469,Bayelsa Process Group Ltd.,1.125,0.453,3.51,1.975,1.973,0.183,0.767,5.0,1
V0470,Crestline Energy Company Ltd.,0.477,0.174,4.011,3.561,2.74,0.0,0.679,1.0,0
V0471,Crestline Energy Nig. Ltd.,1.265,0.45,2.925,4.69,8.738,0.186,0.95,8.0,0
V0472,Onne Oilfield Systems Ltd.,0.05,1.0,2.701,0.25,4.327,0.792,0.436,0.0,1
V0473,Niger Maritime Solutions Ltd.,1.526,0.436,2.339,2.619,4.594,0.152,0.815,8.0,0
V0474,Akwa Energy Nig. Ltd.,0.43,0.507,5.25,2.702,6.709,0.406,0.812,3.0,0
V0475,Meridian Subsea Solutions Ltd.,0.485,0.937,2.218,0.653,0.0,0.43,0.378,1.0,1
V0476,Oceanic Technical Services Ltd.,0.917,0.416,2.764,4.324,2.707,0.091,0.327,0.0,0
V0477,Anchor Integrated Services Ltd.,0.922,0.457,3.777,1.548,12.242,0.107,0.778,0.0,0
V0478,Trident Pipeline Partners Ltd.,0.424,0.437,3.425,1.771,2.118,0.282,0.776,3.0,0
V0479,Calabar Process Group Ltd.,1.548,0.391,4.726,3.608,3.04,0.111,0.709,2.0,0
V0480,Trident Pipeline Nig. Ltd.,0.964,0.655,2.473,0.68,4.677,0.148,0.732,1.0,0
V0481,Bayelsa Offshore Company Ltd.,1.244,0.333,3.576,3.362,10.136,0.331,0.845,0.0,0
V0482,Anchor Maritime Company Ltd.,0.579,0.557,4.417,2.962,8.067,0.269,0.586,0.0,1
V0483,Summit Subsea Company Ltd.,1.346,0.483,2.482,1.967,9.675,0.311,0.575,6.0,0
V0484,Anchor Technical Nig. Ltd.,1.146,0.317,4.552,0.255,3.901,0.258,0.855,5.0,0
V0485,Calabar Subsea Group Ltd.,0.127,0.508,4.363,1.787,10.378,0.0,0.965,5.0,0
V0486,Warri Technical Company Ltd.,0.356,0.474,3.928,1.654,1.537,0.632,0.621,2.0,1
V0487,Forcados Fabrication Company Ltd.,0.871,0.282,2.343,3.647,6.199,0.381,0.794,3.0,0
V0488,Escravos Subsea Systems Ltd.,0.682,0.752,3.551,1.675,13.101,0.367,0.526,8.0,0
V0489,Pinnacle Process Partners Ltd.,0.724,0.402,3.554,2.835,7.918,0.291,0.438,4.0,0
V0490,Coastline Industrial Group Ltd.,1.233,0.555,2.182,2.853,6.445,0.339,0.77,3.0,0
V0491,Northgate Industrial Nig. Ltd.,0.05,0.363,3.757,2.915,2.63,0.396,0.876,6.0,0
V0492,Brass Oilfield Partners Ltd.,1.177,0.122,2.214,4.78,8.35,0.363,0.759,1.0,0
V0493,Summit Process Systems Ltd.,0.396,0.585,3.138,2.282,0.0,0.311,0.524,1.0,1
V0494,Westgate Technical Group Ltd.,1.853,0.719,3.376,2.396,3.603,0.2,0.703,10.0,0
V0495,Seabright Energy Group Ltd.,0.358,0.63,2.354,3.456,3.726,0.349,1.0,3.0,1
V0496,Bonny Technical Services Ltd.,0.508,0.471,2.089,3.777,7.497,0.133,0.688,0.0,0
V0497,Gulf Maritime Group Ltd.,0.852,0.524,3.772,0.418,13.878,0.369,0.781,1.0,0
V0498,Gulf Pipeline Nig. Ltd.,0.875,0.156,3.53,3.194,0.639,0.079,0.331,3.0,0
V0499,Niger Energy Partners Ltd.,0.394,0.795,1.788,0.932,3.976,0.458,0.534,0.0,1
V0500,Qua Iboe Maritime Nig. Ltd.,1.202,0.455,2.263,2.91,6.904,0.349,0.569,3.0,0
V0501,Crestline Fabrication Nig. Ltd.,0.952,0.337,3.43,2.441,6.356,0.366,0.648,3.0,0
V0502,Oceanic Marine Partners Ltd.,1.279,0.594,4.169,2.931,6.33,0.12,0.991,4.0,0
V0503,Warri Fabrication Group Ltd.,0.905,0.316,3.105,0.878,6.056,0.018,0.942,7.0,0
V0504,Northgate Fabrication Systems Ltd.,1.161,0.793,3.477,3.653,3.927,0.237,0.476,0.0,1
V0505,Westfield Marine Systems Ltd.,0.902,0.369,3.783,3.243,2.809,0.142,0.871,0.0,0
V0506,Southfield Technical Solutions Ltd.,0.272,0.724,2.339,0.777,6.178,0.636,0.491,6.0,1
V0507,Seabright Process Group Ltd.,1.922,0.213,3.365,0.0,11.723,0.23,0.596,2.0,0
V0508,Qua Iboe Maritime Company Ltd.,0.625,0.628,4.549,0.0,8.188,0.361,0.696,2.0,1
V0509,Escravos Marine Nig. Ltd.,1.469,0.457,2.813,1.698,6.723,0.121,0.646,5.0,0
V0510,Seabright Petroleum Group Ltd.,1.368,0.596,4.092,1.655,5.209,0.289,0.825,3.0,0
V0511,Anchor Energy Partners Ltd.,0.5,0.339,3.824,1.437,5.707,0.23,0.972,5.0,0
V0512,Pinnacle Integrated Solutions Ltd.,1.544,0.248,4.649,1.889,4.275,0.276,0.836,2.0,0
V0513,Westgate Industrial Nig. Ltd.,0.951,0.43,2.485,2.623,6.903,0.148,0.971,3.0,0
V0514,Oceanic Offshore Partners Ltd.,1.153,0.469,2.33,3.762,5.27,0.228,0.733,0.0,0
V0515,Highland Integrated Partners Ltd.,0.551,0.534,2.042,1.371,2.982,0.293,0.399,0.0,1
V0516,Oceanic Pipeline Company Ltd.,0.375,0.475,2.043,0.839,7.449,0.261,0.82,2.0,1
V0517,Southfield Pipeline Partners Ltd.,0.639,0.348,2.453,5.242,6.964,0.31,0.678,1.0,0
V0518,Vanguard Drilling Services Ltd.,0.909,0.544,3.072,1.746,3.729,0.27,0.695,5.0,1
V0519,Bonny Fabrication Systems Ltd.,0.417,0.429,4.162,3.575,3.943,0.406,0.738,4.0,0
V0520,Highland Integrated Company Ltd.,0.05,0.44,2.874,0.036,3.411,0.423,0.63,1.0,1
V0521,Akwa Process Systems Ltd.,0.885,0.412,5.6,2.286,2.596,0.114,0.917,0.0,0
V0522,Delta Industrial Partners Ltd.,0.509,0.597,3.632,1.882,2.073,0.132,0.893,5.0,0
V0523,Pinnacle Engineering Group Ltd.,1.475,0.485,2.856,2.803,14.357,0.153,0.788,8.0,0
V0524,Westfield Subsea Partners Ltd.,0.956,0.641,3.132,2.995,8.42,0.127,0.671,7.0,0
V0525,Westgate Offshore Company Ltd.,1.454,0.547,2.822,4.439,3.926,0.128,0.74,6.0,0
V0526,Anchor Industrial Ltd.,0.534,0.918,1.859,1.863,4.815,0.569,0.631,0.0,1
V0527,Summit Fabrication Company Ltd.,1.39,0.413,3.798,2.61,10.498,0.291,0.49,4.0,0
V0528,Warri Drilling Nig. Ltd.,0.947,0.285,4.719,2.954,11.526,0.296,0.859,3.0,0
V0529,Atlas Process Company Ltd.,1.185,0.994,3.825,2.204,1.216,0.527,0.384,0.0,1
V0530,Pinnacle Technical Group Ltd.,1.22,0.494,3.395,4.295,10.627,0.3,1.0,4.0,0
V0531,Brass Petroleum Ltd.,0.618,0.152,3.64,4.688,7.304,0.282,0.303,10.0,0
V0532,Delta Marine Services Ltd.,1.108,0.316,5.595,4.013,8.475,0.354,0.707,3.0,0
V0533,Beacon Petroleum Ltd.,0.436,0.524,4.336,3.402,7.452,0.272,1.0,6.0,0
V0534,Eastport Fabrication Solutions Ltd.,1.524,0.445,3.682,2.559,10.595,0.268,0.853,6.0,0
V0535,Anchor Integrated Nig. Ltd.,1.399,0.687,3.862,1.569,3.682,0.488,0.809,2.0,1
V0536,Pinnacle Offshore Solutions Ltd.,0.486,0.603,3.771,2.001,0.0,0.158,0.683,6.0,0
V0537,Beacon Drilling Company Ltd.,1.299,0.415,2.026,4.36,0.709,0.434,0.77,0.0,0
V0538,Riverside Offshore Services Ltd.,0.05,0.262,3.364,1.744,6.328,0.276,0.682,1.0,0
V0539,Summit Fabrication Partners Ltd.,0.73,0.464,3.866,2.661,9.862,0.238,0.516,7.0,0
V0540,Delta Pipeline Nig. Ltd.,0.05,0.421,4.44,0.0,10.398,0.251,0.609,8.0,0
V0541,Brass Industrial Ltd.,1.156,0.675,1.939,2.188,10.22,0.132,0.753,2.0,0
V0542,Atlas Technical Solutions Ltd.,0.143,0.672,3.724,0.711,0.264,0.449,0.4,0.0,1
V0543,Rivers Offshore Solutions Ltd.,1.086,0.492,3.794,2.289,5.12,0.316,0.641,1.0,1
V0544,Gulf Technical Services Ltd.,0.879,0.377,3.899,3.641,10.191,0.072,0.685,5.0,0
V0545,Riverside Process Services Ltd.,0.254,0.635,3.457,1.348,6.258,0.384,0.748,3.0,1
V0546,Eastport Maritime Solutions Ltd.,1.213,0.571,3.985,3.372,6.01,0.208,0.825,1.0,0
V0547,Vanguard Fabrication Group Ltd.,1.244,0.99,3.829,2.758,11.322,0.262,0.644,1.0,1
V0548,Westgate Offshore Nig. Ltd.,0.654,0.483,3.241,1.898,4.198,0.512,0.608,4.0,1
V0549,Bonny Petroleum Systems Ltd.,0.412,0.257,3.455,2.267,8.752,0.15,0.559,6.0,0
V0550,Crestline Engineering Solutions Ltd.,2.23,0.378,2.604,0.975,11.296,0.228,0.514,5.0,0
V0551,Onne Oilfield Group Ltd.,1.208,0.449,4.555,4.464,10.688,0.166,0.979,9.0,0
V0552,Niger Oilfield Group Ltd.,0.447,0.513,2.991,4.262,6.71,0.156,0.807,2.0,0
V0553,Crestline Process Solutions Ltd.,1.06,0.457,3.414,2.557,7.82,0.37,0.595,3.0,0
V0554,Meridian Oilfield Group Ltd.,1.261,0.342,4.115,3.151,7.767,0.363,0.877,9.0,0
V0555,Escravos Industrial Partners Ltd.,0.079,0.849,1.618,0.724,0.445,0.464,0.265,2.0,1
V0556,Highland Oilfield Ltd.,0.05,0.991,2.002,0.669,0.0,0.472,0.591,2.0,1
V0557,Gulf Fabrication Systems Ltd.,1.021,0.293,3.577,3.273,9.685,0.0,0.956,2.0,0
V0558,Atlas Industrial Solutions Ltd.,1.059,0.604,2.221,2.274,8.259,0.373,0.73,4.0,0
V0559,Atlas Subsea Solutions Ltd.,0.734,0.583,2.463,1.785,10.68,0.211,0.966,0.0,1
V0560,Southfield Subsea Ltd.,2.333,0.572,3.608,1.186,4.638,0.294,0.862,0.0,0
V0561,Calabar Oilfield Solutions Ltd.,0.463,0.422,3.022,0.756,2.131,0.287,0.676,3.0,0
V0562,Vanguard Engineering Systems Ltd.,1.666,0.447,4.138,3.732,3.671,0.172,0.959,4.0,0
V0563,Southfield Fabrication Systems Ltd.,0.115,0.77,2.828,0.0,1.758,0.513,0.283,0.0,1
V0564,Coastline Pipeline Partners Ltd.,0.63,0.391,3.721,0.743,4.316,0.138,0.833,8.0,0
V0565,Eastport Drilling Ltd.,0.465,0.779,2.061,2.357,6.816,0.269,0.611,6.0,0
V0566,Northgate Offshore Systems Ltd.,0.215,0.614,2.731,1.122,4.258,0.175,0.646,4.0,0
V0567,Westgate Subsea Company Ltd.,0.94,0.12,4.506,1.246,7.608,0.037,0.595,9.0,0
V0568,Qua Iboe Energy Services Ltd.,0.446,0.708,2.376,2.287,0.0,0.358,0.358,3.0,1
V0569,Niger Subsea Ltd.,1.398,0.303,2.942,3.923,4.411,0.0,0.846,3.0,0
V0570,Bayelsa Oilfield Partners Ltd.,0.847,0.773,3.768,3.772,6.088,0.399,0.686,3.0,1
V0571,Summit Subsea Solutions Ltd.,1.314,0.846,4.471,2.777,4.445,0.0,0.575,5.0,0
V0572,Trident Industrial Solutions Ltd.,0.775,0.696,4.287,1.748,6.325,0.214,0.465,5.0,1
V0573,Eastport Engineering Group Ltd.,1.119,0.218,3.235,1.326,4.121,0.2,0.409,2.0,0
V0574,Delta Offshore Systems Ltd.,1.079,0.295,3.271,3.313,8.524,0.184,0.663,11.0,0
V0575,Harcourt Integrated Partners Ltd.,0.78,0.869,3.142,2.066,3.02,0.067,0.633,1.0,1
V0576,Delta Drilling Partners Ltd.,0.637,0.871,1.429,0.799,3.02,0.731,0.14,0.0,1
V0577,Eastport Fabrication Services Ltd.,0.05,0.576,2.627,2.472,11.311,0.283,0.811,0.0,0
V0578,Escravos Integrated Group Ltd.,1.066,1.0,2.095,1.16,3.19,0.266,1.0,0.0,1
V0579,Harcourt Maritime Partners Ltd.,1.069,0.67,3.321,0.0,6.849,0.3,0.774,4.0,1
V0580,Anchor Petroleum Services Ltd.,0.552,0.339,4.027,2.858,4.557,0.351,0.646,5.0,0
V0581,Trident Engineering Solutions Ltd.,0.226,0.368,3.753,1.813,12.888,0.357,0.56,0.0,0
V0582,Trident Process Services Ltd.,0.23,0.809,2.234,0.777,8.496,0.432,0.346,4.0,1
V0583,Northgate Maritime Partners Ltd.,0.947,0.438,3.338,3.452,3.631,0.292,0.841,10.0,0
V0584,Coastline Integrated Solutions Ltd.,0.58,0.518,4.324,4.259,11.637,0.124,0.467,7.0,0
V0585,Warri Drilling Services Ltd.,1.237,0.54,4.613,2.493,3.694,0.48,0.613,3.0,0
V0586,Akwa Integrated Company Ltd.,0.419,0.31,3.38,3.79,0.0,0.13,0.867,6.0,0
V0587,Gulf Industrial Ltd.,0.164,0.44,3.381,4.108,2.252,0.247,0.811,9.0,0
V0588,Brass Industrial Partners Ltd.,0.8,0.665,3.447,2.132,6.171,0.155,0.928,9.0,0
V0589,Warri Marine Ltd.,1.753,0.474,1.71,2.739,5.034,0.174,0.569,5.0,0
V0590,Riverside Oilfield Partners Ltd.,0.523,0.0,4.002,1.545,7.436,0.218,0.746,8.0,0
V0591,Qua Iboe Industrial Company Ltd.,0.05,0.487,2.846,2.909,1.074,0.371,0.815,1.0,0
V0592,Highland Process Nig. Ltd.,0.884,0.365,4.065,4.184,7.899,0.079,0.839,6.0,0
V0593,Southfield Fabrication Nig. Ltd.,1.454,0.153,3.544,4.44,4.93,0.353,0.7,5.0,0
V0594,Warri Marine Services Ltd.,0.497,0.727,1.562,4.02,5.166,0.312,0.42,2.0,0
V0595,Northgate Engineering Systems Ltd.,0.358,0.321,5.087,1.917,6.339,0.058,0.821,2.0,0
V0596,Warri Petroleum Ltd.,1.177,0.484,4.39,2.721,6.866,0.179,0.262,7.0,0
V0597,Seabright Integrated Systems Ltd.,1.272,0.399,3.283,4.466,8.735,0.283,0.666,0.0,0
V0598,Highland Integrated Solutions Ltd.,1.096,1.0,2.617,3.472,7.817,0.378,0.569,3.0,1
V0599,Harcourt Drilling Group Ltd.,0.683,0.934,1.397,0.0,2.499,0.497,0.411,1.0,1
V0600,Brass Technical Services Ltd.,1.085,0.591,2.573,2.181,3.627,0.214,0.942,5.0,0
V0601,Meridian Energy Partners Ltd.,0.632,0.339,4.502,0.949,4.622,0.147,1.0,6.0,0
V0602,Beacon Maritime Group Ltd.,0.05,0.629,3.399,1.363,4.607,0.347,0.53,0.0,1
V0603,Beacon Offshore Company Ltd.,0.786,0.516,2.796,0.894,3.983,0.301,0.886,0.0,1
V0604,Westgate Industrial Systems Ltd.,0.541,0.404,3.747,1.56,3.713,0.271,0.59,4.0,0
V0605,Westfield Drilling Systems Ltd.,0.968,0.347,2.961,2.647,2.466,0.292,0.627,0.0,0
V0606,Delta Fabrication Services Ltd.,0.05,0.707,2.37,3.635,12.048,0.107,0.92,3.0,0
V0607,Pinnacle Engineering Partners Ltd.,0.05,0.641,1.374,1.187,1.172,0.457,0.177,2.0,1
V0608,Westfield Integrated Systems Ltd.,0.949,0.04,4.049,3.595,8.173,0.316,0.862,2.0,0
V0609,Calabar Subsea Nig. Ltd.,0.529,0.516,3.819,0.564,3.027,0.128,0.896,0.0,0
V0610,Atlas Energy Services Ltd.,0.421,0.298,4.645,2.606,9.253,0.483,0.947,4.0,1
V0611,Niger Offshore Services Ltd.,1.103,0.404,3.592,0.346,6.755,0.24,0.866,7.0,0
V0612,Bayelsa Energy Group Ltd.,0.691,0.918,3.82,1.232,4.166,0.34,0.617,3.0,1
V0613,Delta Subsea Systems Ltd.,0.113,0.673,3.291,0.339,9.329,0.386,1.0,2.0,1
V0614,Oceanic Integrated Partners Ltd.,0.05,0.529,2.81,2.715,6.083,0.398,0.829,0.0,0
V0615,Bonny Technical Group Ltd.,0.647,0.486,2.723,3.909,4.126,0.182,0.549,3.0,0
V0616,Meridian Subsea Systems Ltd.,0.757,0.38,4.251,2.922,4.879,0.177,0.623,0.0,0
V0617,Beacon Marine Partners Ltd.,1.557,0.511,4.196,3.427,9.049,0.092,0.784,1.0,0
V0618,Bonny Integrated Services Ltd.,0.05,0.664,3.482,2.815,7.585,0.328,0.731,5.0,0
V0619,Rivers Petroleum Group Ltd.,0.667,0.615,3.4,2.589,8.588,0.408,0.387,3.0,1
V0620,Bayelsa Pipeline Nig. Ltd.,0.941,0.706,3.598,1.621,2.367,0.307,0.789,4.0,1
V0621,Riverside Process Partners Ltd.,1.144,0.623,4.119,0.951,8.851,0.328,0.879,4.0,0
V0622,Atlas Industrial Partners Ltd.,1.176,0.408,4.007,1.927,7.244,0.34,0.469,2.0,0
V0623,Trident Process Company Ltd.,1.691,0.345,2.815,1.842,6.895,0.393,0.574,4.0,0
V0624,Akwa Drilling Ltd.,1.743,0.575,3.067,2.57,6.064,0.151,0.642,5.0,0
V0625,Akwa Marine Company Ltd.,0.341,0.48,3.723,0.543,2.81,0.351,0.306,2.0,1
V0626,Pinnacle Integrated Group Ltd.,1.329,0.366,2.817,0.936,11.696,0.031,1.0,3.0,0
V0627,Qua Iboe Process Nig. Ltd.,0.299,1.0,2.175,2.104,2.326,0.251,0.085,3.0,1
V0628,Primewell Integrated Nig. Ltd.,0.42,0.16,3.634,3.582,10.098,0.395,0.772,6.0,0
V0629,Riverside Pipeline Systems Ltd.,1.442,0.476,2.679,3.884,7.346,0.233,0.86,1.0,0
V0630,Forcados Technical Company Ltd.,1.781,0.478,3.535,4.095,6.921,0.212,0.706,0.0,0
V0631,Northgate Engineering Ltd.,0.422,0.785,2.019,0.796,7.531,0.437,0.223,0.0,1
V0632,Trident Pipeline Company Ltd.,1.21,0.387,3.835,3.996,5.98,0.36,0.645,0.0,1
V0633,Akwa Offshore Partners Ltd.,0.48,0.387,4.556,3.472,7.903,0.137,0.906,1.0,0
V0634,Crestline Integrated Partners Ltd.,0.96,0.0,3.771,3.159,8.073,0.334,0.459,7.0,0
V0635,Trident Marine Partners Ltd.,0.05,0.362,3.715,3.582,1.623,0.254,0.705,6.0,0
V0636,Escravos Petroleum Ltd.,0.224,0.447,2.614,4.214,4.705,0.222,0.739,0.0,0
V0637,Northgate Engineering Solutions Ltd.,1.233,0.287,2.986,3.782,0.807,0.097,0.985,0.0,0
V0638,Primewell Energy Solutions Ltd.,1.042,0.614,5.6,2.751,13.926,0.122,0.627,10.0,0
V0639,Northgate Fabrication Group Ltd.,0.738,0.761,4.131,3.69,5.102,0.44,0.564,1.0,0
V0640,Coastline Offshore Group Ltd.,1.685,0.571,2.476,2.702,10.077,0.192,0.404,7.0,0
V0641,Vanguard Pipeline Company Ltd.,0.325,0.998,2.817,0.873,1.341,0.345,0.277,3.0,1
V0642,Beacon Petroleum Systems Ltd.,0.819,0.331,2.693,3.198,9.638,0.242,0.679,7.0,0
V0643,Akwa Petroleum Group Ltd.,0.652,0.705,3.12,0.874,6.939,0.358,0.4,5.0,0
V0644,Beacon Industrial Company Ltd.,1.169,0.351,4.165,4.027,6.281,0.326,0.909,5.0,0
V0645,Riverside Subsea Systems Ltd.,0.388,0.658,3.561,2.495,11.55,0.262,0.661,3.0,0
V0646,Oceanic Energy Systems Ltd.,0.309,0.453,3.143,2.292,0.804,0.13,1.0,7.0,0
V0647,Highland Engineering Nig. Ltd.,0.126,0.868,1.0,0.172,6.523,0.406,0.277,0.0,1
V0648,Onne Pipeline Group Ltd.,1.778,0.31,3.574,4.578,4.991,0.326,0.794,6.0,0
V0649,Rivers Energy Solutions Ltd.,0.957,0.305,4.264,4.528,15.0,0.299,0.778,7.0,0
V0650,Vanguard Industrial Nig. Ltd.,0.412,0.551,4.474,3.277,12.639,0.086,0.67,3.0,1
V0651,Bayelsa Maritime Systems Ltd.,0.462,0.533,4.558,3.278,14.508,0.329,0.594,5.0,0
V0652,Bayelsa Oilfield Group Ltd.,0.613,0.135,3.357,0.484,11.29,0.245,0.396,9.0,0
V0653,Oceanic Petroleum Partners Ltd.,1.64,0.701,4.156,2.793,9.299,0.362,0.653,7.0,0
V0654,Bonny Fabrication Company Ltd.,0.532,0.234,2.958,3.638,7.729,0.221,0.904,1.0,0
V0655,Pinnacle Energy Company Ltd.,0.121,0.585,3.583,4.85,10.958,0.176,0.661,5.0,0
V0656,Eastport Pipeline Company Ltd.,0.05,0.444,2.105,1.669,5.248,0.142,0.783,5.0,0
V0657,Pinnacle Petroleum Group Ltd.,0.736,0.44,3.335,2.722,10.458,0.154,0.256,7.0,0
V0658,Beacon Marine Services Ltd.,0.385,0.703,2.87,0.944,3.493,0.437,0.519,6.0,1
V0659,Primewell Process Company Ltd.,1.255,0.212,3.431,1.891,7.791,0.24,0.772,3.0,0
V0660,Niger Maritime Group Ltd.,0.56,0.891,3.505,1.999,2.911,0.746,0.739,4.0,1
V0661,Primewell Drilling Systems Ltd.,1.313,0.518,4.519,2.84,6.539,0.108,0.661,3.0,0
V0662,Bayelsa Marine Nig. Ltd.,0.936,0.467,3.108,1.683,15.0,0.078,1.0,2.0,0
V0663,Harcourt Fabrication Partners Ltd.,0.591,0.635,1.824,2.201,1.663,0.344,0.349,0.0,1
V0664,Meridian Engineering Nig. Ltd.,1.048,0.728,3.577,2.745,8.324,0.355,0.548,6.0,0
V0665,Crestline Petroleum Services Ltd.,1.215,0.545,4.086,0.742,13.602,0.117,0.625,3.0,0
V0666,Westgate Industrial Group Ltd.,0.448,0.509,2.3,3.0,3.498,0.401,0.919,3.0,0
V0667,Pinnacle Energy Solutions Ltd.,1.042,0.914,4.501,3.362,11.547,0.325,0.59,0.0,1
V0668,Seabright Engineering Solutions Ltd.,0.052,0.636,3.678,2.066,9.025,0.48,0.421,8.0,1
V0669,Rivers Oilfield Services Ltd.,0.894,0.549,2.826,3.282,0.719,0.156,0.546,4.0,0
V0670,Atlas Maritime Services Ltd.,0.05,0.743,3.22,0.635,0.485,0.237,0.927,3.0,1
V0671,Bonny Marine Services Ltd.,1.195,0.083,4.447,2.949,6.715,0.14,0.711,0.0,0
V0672,Escravos Drilling Partners Ltd.,1.146,0.266,4.89,1.524,7.813,0.287,0.899,4.0,0
V0673,Gulf Maritime Nig. Ltd.,0.489,0.694,2.853,1.6,2.865,0.231,0.358,4.0,1
V0674,Eastport Fabrication Nig. Ltd.,0.942,0.269,4.101,1.067,4.505,0.0,0.613,0.0,0
V0675,Riverside Energy Ltd.,0.843,0.508,3.466,0.905,4.282,0.266,0.66,2.0,0
V0676,Highland Technical Systems Ltd.,1.486,0.122,3.391,2.478,7.724,0.173,0.681,5.0,0
V0677,Harcourt Petroleum Group Ltd.,0.523,0.485,2.801,1.519,2.617,0.393,0.495,6.0,1
V0678,Onne Energy Company Ltd.,0.768,0.752,4.209,1.831,4.573,0.443,0.495,1.0,1
V0679,Beacon Pipeline Group Ltd.,1.442,0.462,2.5,2.438,13.878,0.137,0.848,3.0,0
V0680,Seabright Process Solutions Ltd.,1.236,0.448,2.441,2.289,0.0,0.038,0.946,4.0,0
V0681,Akwa Energy Group Ltd.,0.195,0.741,3.588,2.866,1.65,0.389,0.334,2.0,1
V0682,Onne Fabrication Systems Ltd.,1.777,0.253,3.517,1.283,11.307,0.111,0.616,6.0,0
V0683,Meridian Engineering Partners Ltd.,0.36,0.541,1.0,1.96,5.602,0.441,0.569,2.0,1
V0684,Highland Engineering Group Ltd.,1.122,0.513,2.369,2.705,10.997,0.191,0.782,8.0,0
V0685,Primewell Drilling Partners Ltd.,0.779,0.529,3.494,1.933,9.904,0.13,0.817,2.0,0
V0686,Southfield Technical Ltd.,0.734,0.649,1.0,2.927,5.192,0.039,0.789,0.0,0
V0687,Meridian Engineering Ltd.,1.554,0.128,3.421,2.257,14.853,0.33,0.9,0.0,0
V0688,Bonny Pipeline Company Ltd.,1.153,0.63,1.805,0.243,7.488,0.468,0.479,2.0,1
V0689,Forcados Pipeline Partners Ltd.,0.272,1.0,1.94,0.0,2.047,0.356,0.5,0.0,1
V0690,Westfield Oilfield Group Ltd.,1.097,0.336,4.29,5.629,7.544,0.226,0.864,2.0,0
V0691,Anchor Maritime Nig. Ltd.,1.168,0.545,3.532,1.387,5.85,0.175,0.764,1.0,0
V0692,Warri Oilfield Services Ltd.,0.79,0.825,4.345,0.447,7.821,0.31,0.402,0.0,1
V0693,Anchor Technical Partners Ltd.,0.62,0.396,2.667,1.459,3.105,0.481,0.63,0.0,1
V0694,Niger Process Company Ltd.,1.99,0.514,4.272,3.875,15.0,0.193,0.872,0.0,0
V0695,Atlas Industrial Services Ltd.,0.181,0.602,3.236,0.275,7.006,0.138,0.572,8.0,0
V0696,Summit Energy Nig. Ltd.,0.805,0.355,2.813,3.579,10.907,0.131,0.617,2.0,0
V0697,Atlas Maritime Nig. Ltd.,1.042,0.439,3.996,0.663,10.401,0.448,0.535,4.0,1
V0698,Coastline Industrial Solutions Ltd.,0.443,0.391,3.903,4.0,6.386,0.341,0.734,4.0,0
V0699,Highland Subsea Partners Ltd.,0.663,0.385,4.015,1.712,4.142,0.306,0.721,0.0,0
V0700,Northgate Integrated Solutions Ltd.,0.769,0.416,3.774,0.0,3.543,0.29,0.924,4.0,0
V0701,Gulf Integrated Ltd.,0.984,0.182,3.311,0.0,4.375,0.04,0.775,6.0,0
V0702,Onne Industrial Group Ltd.,1.233,0.205,4.166,3.5,7.382,0.184,0.643,4.0,0
V0703,Gulf Pipeline Ltd.,0.757,0.449,3.01,3.157,10.316,0.309,0.846,6.0,0
V0704,Forcados Technical Systems Ltd.,0.447,0.256,1.786,1.845,6.941,0.125,0.364,0.0,0
V0705,Summit Offshore Solutions Ltd.,1.088,0.586,2.562,1.797,1.378,0.354,0.094,4.0,1
V0706,Eastport Petroleum Partners Ltd.,0.05,0.63,2.764,1.571,6.58,0.509,0.689,2.0,1
V0707,Anchor Technical Ltd.,1.332,0.53,3.475,4.015,9.516,0.309,0.654,6.0,0
V0708,Pinnacle Technical Ltd.,1.141,0.666,1.446,3.931,3.112,0.332,0.881,6.0,0
V0709,Crestline Subsea Services Ltd.,0.055,0.86,2.926,0.767,0.674,0.663,0.318,2.0,1
V0710,Delta Drilling Group Ltd.,1.121,0.337,4.388,3.905,7.848,0.062,0.932,8.0,0
V0711,Meridian Oilfield Ltd.,0.205,0.242,1.777,4.277,3.48,0.271,0.667,0.0,0
V0712,Calabar Industrial Partners Ltd.,1.23,0.477,4.745,2.863,7.872,0.138,0.602,1.0,0
V0713,Pinnacle Maritime Nig. Ltd.,0.6,0.817,2.19,0.0,0.0,0.488,0.381,0.0,1
V0714,Niger Integrated Services Ltd.,0.05,0.328,3.62,3.405,10.435,0.039,0.694,4.0,0
V0715,Northgate Energy Services Ltd.,0.35,0.897,1.205,1.625,3.654,0.435,0.842,3.0,1
V0716,Highland Energy Group Ltd.,2.057,0.692,3.106,2.345,9.747,0.427,1.0,9.0,0
V0717,Meridian Integrated Partners Ltd.,2.069,0.586,4.195,4.324,7.066,0.292,0.998,8.0,0
V0718,Qua Iboe Process Ltd.,1.9,0.282,4.226,2.884,5.573,0.19,0.547,4.0,0
V0719,Forcados Marine Company Ltd.,0.513,0.836,2.689,1.379,8.502,0.396,0.633,2.0,1
V0720,Harcourt Fabrication Nig. Ltd.,0.822,0.377,3.789,0.863,10.422,0.35,0.432,6.0,0
V0721,Onne Industrial Company Ltd.,1.051,0.322,3.259,2.417,7.74,0.536,0.982,3.0,0
V0722,Delta Fabrication Systems Ltd.,1.09,0.0,2.208,1.399,4.559,0.277,0.887,1.0,0
V0723,Meridian Maritime Ltd.,0.274,0.0,3.985,1.906,8.903,0.158,0.878,7.0,0
V0724,Trident Technical Company Ltd.,0.638,1.0,2.684,0.0,7.546,0.518,0.478,3.0,1
V0725,Warri Industrial Systems Ltd.,1.809,0.131,2.317,0.086,6.83,0.148,0.677,2.0,0
V0726,Coastline Petroleum Group Ltd.,1.152,0.639,4.095,2.424,10.787,0.27,0.808,2.0,1
V0727,Highland Integrated Group Ltd.,0.347,0.325,2.953,2.683,13.215,0.36,0.63,2.0,0
V0728,Meridian Industrial Partners Ltd.,1.197,0.241,5.133,4.847,4.405,0.354,0.499,7.0,0
V0729,Rivers Integrated Services Ltd.,0.73,0.671,2.613,1.976,9.209,0.374,0.616,0.0,1
V0730,Rivers Marine Services Ltd.,0.781,0.989,1.987,0.213,6.013,0.745,0.654,2.0,1
V0731,Calabar Maritime Ltd.,0.825,0.184,5.6,2.755,6.499,0.196,0.724,7.0,0
V0732,Forcados Process Nig. Ltd.,1.255,0.697,3.221,1.16,9.422,0.383,0.758,3.0,0
V0733,Rivers Maritime Company Ltd.,0.994,0.387,2.871,0.706,4.949,0.335,0.896,2.0,1
V0734,Brass Subsea Solutions Ltd.,0.607,0.082,4.492,2.616,5.346,0.086,0.857,2.0,0
V0735,Primewell Industrial Partners Ltd.,0.809,0.471,2.828,2.439,6.552,0.236,0.75,3.0,0
V0736,Pinnacle Process Services Ltd.,0.251,0.648,2.423,2.067,8.308,0.186,0.743,2.0,1
V0737,Vanguard Petroleum Company Ltd.,1.969,0.315,3.92,3.613,11.639,0.305,0.949,5.0,0
V0738,Summit Energy Group Ltd.,0.958,0.017,3.304,1.838,0.0,0.29,0.926,0.0,0
V0739,Akwa Drilling Solutions Ltd.,0.561,0.75,2.298,0.869,7.111,0.446,0.984,6.0,1
V0740,Westgate Subsea Services Ltd.,0.05,0.943,2.493,0.0,9.264,0.456,0.859,3.0,1
V0741,Trident Industrial Ltd.,0.645,0.716,4.333,2.127,1.436,0.472,0.261,4.0,1
V0742,Riverside Drilling Services Ltd.,0.648,0.281,2.927,2.883,6.423,0.202,0.602,1.0,0
V0743,Delta Marine Systems Ltd.,0.054,0.394,3.092,2.718,3.019,0.083,0.971,0.0,0
V0744,Summit Oilfield Solutions Ltd.,0.229,0.411,1.963,2.795,4.682,0.3,0.85,2.0,0
V0745,Summit Pipeline Solutions Ltd.,0.349,0.398,3.078,3.838,5.764,0.223,0.52,5.0,0
V0746,Westgate Petroleum Company Ltd.,1.534,0.38,3.47,2.039,7.969,0.461,0.704,4.0,0
V0747,Delta Offshore Ltd.,1.637,0.382,3.785,3.031,8.852,0.367,0.688,1.0,0
V0748,Southfield Pipeline Group Ltd.,1.348,0.234,3.376,3.47,6.786,0.29,1.0,0.0,0
V0749,Bonny Oilfield Group Ltd.,1.563,0.296,3.406,1.339,8.341,0.374,0.798,0.0,0
V0750,Niger Engineering Partners Ltd.,0.676,0.548,3.74,2.476,10.506,0.247,0.666,4.0,0
V0751,Trident Maritime Partners Ltd.,0.05,0.388,1.65,3.597,5.319,0.469,0.63,4.0,1
V0752,Highland Engineering Systems Ltd.,1.194,0.309,3.855,3.304,7.391,0.295,0.808,3.0,0
V0753,Calabar Technical Partners Ltd.,1.307,0.312,3.905,3.883,5.391,0.325,0.864,7.0,0
V0754,Trident Technical Ltd.,0.657,0.286,3.608,2.015,8.755,0.197,0.842,7.0,0
V0755,Trident Energy Partners Ltd.,0.803,0.594,2.592,0.559,7.85,0.081,0.852,2.0,0
V0756,Rivers Process Group Ltd.,0.661,0.674,2.927,3.213,0.0,0.232,0.471,2.0,0
V0757,Warri Technical Partners Ltd.,1.158,0.18,4.069,3.633,11.446,0.105,0.607,6.0,0
V0758,Anchor Energy Services Ltd.,0.872,0.206,1.837,2.914,3.335,0.266,0.554,1.0,0
V0759,Anchor Energy Group Ltd.,1.254,0.788,3.177,2.86,8.16,0.364,0.685,5.0,0
V0760,Riverside Pipeline Solutions Ltd.,0.546,0.756,2.956,0.664,2.589,0.348,0.832,3.0,1
V0761,Westgate Engineering Group Ltd.,0.543,0.478,3.108,3.641,7.397,0.267,0.628,5.0,0
V0762,Beacon Maritime Ltd.,0.956,0.333,2.057,2.583,6.27,0.286,0.773,3.0,0
V0763,Westgate Energy Nig. Ltd.,0.611,0.374,3.442,1.789,7.335,0.035,0.826,3.0,0
V0764,Akwa Fabrication Ltd.,0.996,0.95,2.752,0.276,4.264,0.599,0.563,4.0,1
V0765,Beacon Industrial Systems Ltd.,1.163,0.568,2.956,1.346,0.0,0.013,0.982,1.0,1
V0766,Escravos Process Partners Ltd.,0.948,0.298,3.802,4.188,4.096,0.196,0.825,2.0,0
V0767,Qua Iboe Oilfield Nig. Ltd.,0.39,0.723,2.829,0.079,0.0,0.623,0.527,1.0,1
V0768,Warri Engineering Systems Ltd.,0.748,0.697,2.6,2.602,6.102,0.308,0.491,6.0,0
V0769,Vanguard Petroleum Partners Ltd.,0.861,0.279,2.87,1.793,9.216,0.253,1.0,3.0,0
V0770,Riverside Offshore Group Ltd.,0.785,0.3,2.282,1.054,0.0,0.592,0.782,3.0,1
V0771,Bayelsa Fabrication Services Ltd.,0.453,0.825,3.289,1.816,9.773,0.398,0.908,9.0,0
V0772,Harcourt Subsea Systems Ltd.,1.296,0.44,4.329,1.974,8.226,0.336,0.564,4.0,0
V0773,Trident Pipeline Group Ltd.,1.161,0.691,4.38,2.165,8.869,0.355,0.493,4.0,1
V0774,Warri Oilfield Partners Ltd.,1.046,0.61,4.193,2.074,9.113,0.172,0.922,4.0,1
V0775,Summit Pipeline Group Ltd.,1.012,0.954,3.263,2.871,10.437,0.351,0.903,0.0,1
V0776,Brass Maritime Systems Ltd.,0.722,0.625,2.865,2.676,8.857,0.253,0.515,0.0,0
V0777,Qua Iboe Subsea Partners Ltd.,1.439,0.153,2.618,4.013,9.445,0.139,0.867,7.0,0
V0778,Eastport Oilfield Ltd.,0.506,0.595,3.593,2.09,7.197,0.206,0.839,3.0,0
V0779,Onne Subsea Partners Ltd.,0.05,0.617,4.053,2.156,9.607,0.183,0.312,4.0,1
V0780,Westfield Engineering Partners Ltd.,0.137,0.642,1.696,2.542,2.378,0.279,0.774,2.0,0
V0781,Bayelsa Fabrication Systems Ltd.,0.216,0.213,2.331,2.861,2.303,0.287,0.893,2.0,0
V0782,Warri Oilfield Nig. Ltd.,1.439,0.623,2.887,2.897,11.566,0.327,0.716,1.0,0
V0783,Escravos Technical Group Ltd.,0.512,0.785,3.491,0.339,5.236,0.425,0.593,1.0,1
V0784,Harcourt Drilling Services Ltd.,1.359,0.43,3.263,2.874,6.001,0.0,0.57,4.0,0
V0785,Coastline Process Services Ltd.,0.287,0.256,2.425,1.097,7.913,0.351,0.532,3.0,0
V0786,Atlas Process Nig. Ltd.,0.05,0.964,2.103,2.638,1.956,0.544,0.454,0.0,1
V0787,Onne Petroleum Company Ltd.,0.931,0.361,4.027,2.461,9.916,0.088,0.751,3.0,0
V0788,Primewell Engineering Solutions Ltd.,1.159,0.274,2.966,1.399,10.439,0.192,0.642,5.0,0
V0789,Seabright Drilling Company Ltd.,0.615,0.448,2.934,2.447,4.523,0.322,0.681,0.0,0
V0790,Gulf Pipeline Group Ltd.,1.901,0.522,2.614,3.686,0.0,0.241,0.686,0.0,0
V0791,Anchor Energy Ltd.,0.689,0.362,4.25,3.196,5.34,0.153,1.0,2.0,0
V0792,Atlas Engineering Ltd.,0.995,0.692,2.208,0.0,3.4,0.201,1.0,2.0,0
V0793,Trident Fabrication Ltd.,0.261,0.399,2.529,2.56,8.16,0.242,0.765,3.0,0
V0794,Riverside Fabrication Partners Ltd.,0.697,0.478,4.058,2.912,5.35,0.241,0.577,7.0,0
V0795,Niger Energy Services Ltd.,0.792,0.0,2.259,3.451,9.359,0.318,0.772,3.0,0
V0796,Brass Integrated Services Ltd.,0.05,0.848,2.952,0.779,4.324,0.232,0.618,3.0,1
V0797,Northgate Technical Partners Ltd.,1.807,0.396,3.524,1.797,10.207,0.136,0.863,8.0,0
V0798,Brass Fabrication Group Ltd.,0.05,0.903,4.307,1.449,3.143,0.493,0.536,3.0,1
V0799,Gulf Integrated Nig. Ltd.,1.151,0.625,2.947,3.202,8.59,0.308,0.542,6.0,0
V0800,Anchor Process Systems Ltd.,0.05,0.202,4.149,4.88,0.0,0.275,0.649,6.0,0
V0801,Meridian Integrated Group Ltd.,0.454,0.535,3.301,2.884,11.016,0.201,0.774,1.0,0
V0802,Trident Oilfield Solutions Ltd.,0.966,0.336,2.074,2.247,5.409,0.345,0.71,4.0,0
V0803,Primewell Industrial Company Ltd.,0.598,0.439,3.592,1.827,7.753,0.234,0.948,1.0,0
V0804,Summit Engineering Partners Ltd.,0.55,0.785,2.776,3.712,5.608,0.44,0.857,2.0,1
V0805,Meridian Energy Group Ltd.,1.232,0.416,4.106,2.305,8.153,0.0,0.8,0.0,0
V0806,Primewell Subsea Group Ltd.,0.724,0.433,3.575,2.954,5.19,0.457,0.785,5.0,1
V0807,Delta Marine Group Ltd.,0.546,0.636,4.793,2.914,10.112,0.371,0.855,4.0,0
V0808,Forcados Process Company Ltd.,0.415,0.295,3.897,3.108,11.721,0.344,0.549,7.0,0
V0809,Primewell Industrial Ltd.,1.864,0.611,4.021,2.092,3.099,0.322,0.538,4.0,0
V0810,Primewell Maritime Solutions Ltd.,0.372,0.269,3.726,0.0,8.55,0.198,0.471,2.0,0
V0811,Seabright Subsea Services Ltd.,0.963,0.543,3.688,0.741,9.442,0.243,0.679,4.0,0
V0812,Harcourt Subsea Company Ltd.,0.594,0.512,3.51,3.837,8.417,0.309,0.898,6.0,0
V0813,Primewell Process Services Ltd.,1.448,0.569,3.817,3.382,7.497,0.022,0.943,11.0,0
V0814,Southfield Engineering Ltd.,0.074,0.565,4.525,3.681,8.688,0.264,0.806,5.0,0
V0815,Warri Pipeline Solutions Ltd.,0.7,0.626,3.007,2.435,3.196,0.538,0.599,0.0,0
V0816,Niger Drilling Partners Ltd.,0.843,0.729,2.355,3.624,6.445,0.218,0.458,2.0,0
V0817,Gulf Technical Nig. Ltd.,0.276,0.913,2.59,2.226,4.773,0.492,0.379,4.0,1
V0818,Bonny Drilling Group Ltd.,1.57,0.187,5.216,2.647,2.542,0.372,0.797,4.0,0
V0819,Riverside Process Nig. Ltd.,0.05,0.335,3.005,1.693,0.0,0.294,0.908,0.0,0
V0820,Trident Offshore Partners Ltd.,1.049,0.685,3.568,1.185,0.802,0.148,0.92,2.0,1
V0821,Pinnacle Offshore Company Ltd.,1.053,0.626,3.61,0.472,3.115,0.471,0.951,3.0,0
V0822,Trident Marine Services Ltd.,0.5,0.601,2.182,2.405,3.261,0.085,0.85,0.0,1
V0823,Qua Iboe Industrial Group Ltd.,1.518,0.462,4.91,3.78,15.0,0.232,0.385,5.0,0
V0824,Brass Drilling Partners Ltd.,0.442,0.445,3.719,3.333,12.163,0.176,1.0,9.0,0
V0825,Niger Pipeline Solutions Ltd.,1.011,0.351,2.547,3.251,3.088,0.066,1.0,1.0,0
V0826,Bonny Technical Solutions Ltd.,1.564,0.301,2.365,2.708,6.368,0.314,0.397,1.0,0
V0827,Primewell Integrated Group Ltd.,0.104,0.749,2.947,0.674,0.814,0.067,0.949,1.0,0
V0828,Forcados Industrial Company Ltd.,0.833,0.829,4.273,3.287,5.887,0.311,1.0,1.0,1
V0829,Meridian Industrial Services Ltd.,0.479,0.582,2.947,1.568,2.247,0.198,0.616,3.0,0
V0830,Eastport Technical Services Ltd.,1.309,0.019,4.477,3.863,6.221,0.209,1.0,4.0,0
V0831,Onne Maritime Partners Ltd.,1.152,0.282,3.92,4.377,9.07,0.318,0.754,0.0,0
V0832,Forcados Subsea Systems Ltd.,1.386,0.454,2.554,2.573,6.589,0.47,0.533,3.0,0
V0833,Eastport Energy Group Ltd.,0.698,0.873,4.975,3.39,10.417,0.396,1.0,0.0,0
V0834,Delta Fabrication Group Ltd.,0.909,0.014,3.941,0.266,7.118,0.14,0.918,0.0,0
V0835,Akwa Maritime Solutions Ltd.,0.526,0.904,1.349,0.98,0.184,0.634,0.71,2.0,1
V0836,Atlas Marine Partners Ltd.,1.332,0.55,3.426,2.566,5.194,0.582,0.824,2.0,1
V0837,Qua Iboe Technical Ltd.,0.38,0.927,2.233,0.997,0.0,0.393,0.69,6.0,1
V0838,Niger Industrial Nig. Ltd.,0.752,0.281,3.915,2.163,8.9,0.009,0.394,9.0,0
V0839,Coastline Integrated Systems Ltd.,0.609,0.733,2.427,2.393,5.916,0.336,0.419,2.0,1
V0840,Akwa Pipeline Group Ltd.,1.429,0.652,3.712,3.203,5.336,0.302,0.669,3.0,0
V0841,Harcourt Integrated Nig. Ltd.,1.224,0.0,3.545,2.143,1.744,0.29,0.572,7.0,0
V0842,Summit Integrated Solutions Ltd.,0.724,0.687,3.723,2.494,6.277,0.306,0.095,0.0,1
V0843,Seabright Pipeline Systems Ltd.,0.931,0.345,3.084,1.949,12.484,0.24,0.732,5.0,0
V0844,Primewell Technical Partners Ltd.,0.798,0.071,2.956,2.314,6.525,0.126,0.89,0.0,0
V0845,Southfield Pipeline Company Ltd.,1.789,0.554,2.355,2.062,4.399,0.076,0.83,8.0,0
V0846,Vanguard Energy Partners Ltd.,1.099,0.208,3.816,2.644,3.645,0.271,0.527,0.0,0
V0847,Qua Iboe Process Systems Ltd.,0.618,0.721,3.334,2.914,1.496,0.538,0.994,8.0,0
V0848,Oceanic Fabrication Systems Ltd.,1.001,0.475,5.233,1.731,6.435,0.383,0.893,7.0,0
V0849,Meridian Subsea Nig. Ltd.,2.292,0.096,2.996,1.712,5.707,0.076,0.807,4.0,0
V0850,Trident Subsea Company Ltd.,0.331,0.782,2.732,1.396,0.0,0.458,0.393,0.0,1
V0851,Niger Marine Partners Ltd.,0.956,0.68,4.129,3.733,12.021,0.179,0.853,4.0,0
V0852,Oceanic Pipeline Ltd.,0.755,0.316,2.976,1.317,6.587,0.089,0.631,2.0,0
V0853,Eastport Offshore Company Ltd.,1.171,0.279,3.872,1.462,9.852,0.22,0.732,7.0,0
V0854,Trident Oilfield Partners Ltd.,0.289,0.769,4.343,2.662,4.876,0.282,0.648,1.0,1
V0855,Qua Iboe Offshore Nig. Ltd.,0.966,0.404,4.251,1.974,6.793,0.343,0.93,0.0,0
V0856,Bonny Drilling Systems Ltd.,0.818,0.774,2.401,1.143,4.431,0.423,0.767,3.0,1
V0857,Trident Process Partners Ltd.,0.817,0.976,2.371,0.0,0.0,0.268,0.381,4.0,1
V0858,Niger Engineering Nig. Ltd.,0.724,0.158,3.472,2.043,5.2,0.201,0.984,2.0,0
V0859,Anchor Industrial Services Ltd.,1.117,0.153,2.977,3.252,4.726,0.282,0.615,5.0,0
V0860,Warri Integrated Partners Ltd.,0.29,0.383,4.18,2.202,6.602,0.201,0.654,8.0,0
V0861,Anchor Oilfield Company Ltd.,0.881,0.366,3.721,3.131,6.302,0.217,0.667,10.0,0
V0862,Calabar Industrial Ltd.,2.093,0.449,2.929,0.102,9.958,0.346,0.653,1.0,0
V0863,Delta Petroleum Systems Ltd.,0.591,0.701,3.469,3.255,7.543,0.367,0.42,2.0,1
V0864,Riverside Pipeline Group Ltd.,0.464,0.076,5.506,2.585,7.121,0.208,0.656,5.0,0
V0865,Vanguard Maritime Nig. Ltd.,1.084,0.032,4.026,3.622,9.499,0.323,0.96,5.0,0
V0866,Southfield Fabrication Group Ltd.,1.401,0.389,3.09,0.556,11.24,0.049,0.708,7.0,0
V0867,Calabar Drilling Nig. Ltd.,1.344,0.684,2.417,4.104,13.79,0.207,0.359,2.0,1
V0868,Forcados Maritime Company Ltd.,1.081,0.461,3.026,1.538,2.316,0.389,0.745,3.0,1
V0869,Westgate Energy Group Ltd.,0.512,0.694,2.499,1.779,0.0,0.306,0.226,5.0,1
V0870,Southfield Energy Nig. Ltd.,0.692,0.284,2.286,2.813,0.0,0.431,0.621,1.0,0
V0871,Onne Marine Ltd.,0.731,0.259,4.493,4.132,14.132,0.249,0.738,3.0,0
V0872,Rivers Pipeline Ltd.,1.314,0.56,3.607,2.865,3.585,0.0,1.0,2.0,0
V0873,Westgate Energy Solutions Ltd.,0.125,0.434,2.837,2.03,4.038,0.031,0.526,4.0,0
V0874,Escravos Drilling Ltd.,1.109,0.335,4.984,2.041,9.563,0.318,1.0,5.0,0
V0875,Beacon Offshore Group Ltd.,0.358,0.713,2.022,0.377,0.0,0.534,0.604,1.0,1
V0876,Harcourt Energy Company Ltd.,0.521,0.565,2.878,1.985,4.231,0.577,0.494,0.0,1
V0877,Harcourt Subsea Group Ltd.,1.043,0.338,3.574,0.963,9.863,0.458,0.69,3.0,0
V0878,Coastline Engineering Systems Ltd.,0.357,0.504,3.15,3.231,6.122,0.249,0.876,0.0,0
V0879,Pinnacle Pipeline Solutions Ltd.,0.612,0.0,3.839,3.845,10.63,0.288,0.842,5.0,0
V0880,Eastport Integrated Group Ltd.,1.665,0.32,3.73,5.148,7.544,0.244,0.675,2.0,0
V0881,Riverside Energy Systems Ltd.,0.884,0.661,3.181,2.985,4.618,0.246,0.965,7.0,0
V0882,Westgate Technical Company Ltd.,0.574,0.586,2.075,2.9,4.434,0.174,0.483,1.0,1
V0883,Calabar Process Systems Ltd.,0.834,0.381,4.53,3.648,6.757,0.219,1.0,3.0,0
V0884,Seabright Fabrication Solutions Ltd.,1.172,0.603,5.156,4.262,5.512,0.171,0.459,5.0,0
V0885,Gulf Pipeline Partners Ltd.,1.134,0.497,2.67,3.53,11.696,0.112,0.891,1.0,0
V0886,Westfield Energy Nig. Ltd.,0.521,0.869,4.344,3.42,4.009,0.378,1.0,1.0,1
V0887,Onne Marine Group Ltd.,0.822,0.886,3.238,5.505,15.0,0.36,0.881,9.0,0
V0888,Akwa Offshore Ltd.,0.471,0.376,4.417,3.185,3.392,0.231,0.57,6.0,0
V0889,Onne Oilfield Solutions Ltd.,1.306,0.685,3.666,2.627,10.426,0.287,0.461,2.0,1
V0890,Atlas Integrated Group Ltd.,1.226,0.299,3.656,3.2,8.144,0.386,0.693,8.0,0
V0891,Warri Drilling Company Ltd.,0.958,0.515,3.871,2.321,15.0,0.195,0.782,5.0,0
V0892,Akwa Fabrication Group Ltd.,0.19,0.063,2.881,5.19,9.369,0.177,1.0,8.0,0
V0893,Delta Drilling Services Ltd.,1.339,0.657,4.451,2.761,7.122,0.247,0.779,3.0,1
V0894,Westgate Marine Systems Ltd.,1.719,0.106,2.66,1.64,4.572,0.0,0.748,8.0,0
V0895,Eastport Industrial Systems Ltd.,1.132,0.607,3.472,3.324,3.164,0.067,0.605,6.0,0
V0896,Calabar Marine Services Ltd.,0.369,0.721,2.08,1.654,0.0,0.425,0.716,5.0,1
V0897,Westgate Engineering Company Ltd.,1.155,0.553,3.124,4.921,9.508,0.073,0.798,6.0,0
V0898,Westfield Subsea Systems Ltd.,0.378,0.492,2.715,3.708,10.968,0.392,0.842,4.0,0
V0899,Primewell Integrated Partners Ltd.,1.057,0.439,4.549,0.148,11.201,0.392,0.713,10.0,0
V0900,Brass Engineering Company Ltd.,0.563,0.656,3.193,0.292,6.879,0.111,0.694,3.0,1
V0901,Westgate Integrated Systems Ltd.,1.645,0.213,3.398,3.882,7.656,0.39,0.735,7.0,0
V0902,Atlas Petroleum Systems Ltd.,0.602,0.942,3.351,1.703,1.681,0.523,0.443,2.0,1
V0903,Anchor Subsea Company Ltd.,0.776,0.538,4.704,1.739,5.539,0.065,0.931,2.0,0
V0904,Escravos Integrated Ltd.,1.18,0.865,3.641,3.069,5.981,0.338,0.827,4.0,0
V0905,Delta Technical Solutions Ltd.,0.396,1.0,1.859,0.995,0.0,0.654,0.312,0.0,1
V0906,Beacon Engineering Partners Ltd.,1.254,0.319,2.98,2.605,6.826,0.5,0.856,0.0,0
V0907,Vanguard Industrial Ltd.,1.773,0.377,3.957,3.14,2.104,0.31,1.0,3.0,0
V0908,Westgate Offshore Solutions Ltd.,0.05,0.548,3.407,3.436,7.803,0.387,0.634,4.0,0
V0909,Warri Engineering Services Ltd.,1.602,0.379,3.433,2.105,14.279,0.147,0.591,6.0,0
V0910,Brass Marine Nig. Ltd.,0.443,0.43,3.739,3.098,6.644,0.097,0.815,0.0,0
V0911,Warri Subsea Services Ltd.,1.364,0.509,4.123,4.84,5.146,0.343,0.818,5.0,0
V0912,Northgate Industrial Solutions Ltd.,0.113,0.949,3.024,0.961,0.0,0.425,0.161,1.0,1
V0913,Anchor Maritime Ltd.,1.078,0.544,3.693,2.001,6.906,0.177,0.731,0.0,0
V0914,Warri Industrial Services Ltd.,1.201,0.448,2.956,1.93,5.94,0.201,0.82,5.0,0
V0915,Coastline Drilling Company Ltd.,1.846,0.447,2.595,3.624,5.773,0.252,0.328,3.0,0
V0916,Delta Petroleum Company Ltd.,0.485,0.488,2.875,1.371,5.354,0.392,0.43,0.0,1
V0917,Coastline Energy Company Ltd.,1.241,0.573,2.081,3.948,2.662,0.294,0.748,8.0,0
V0918,Oceanic Energy Ltd.,1.148,0.833,3.655,3.122,1.853,0.445,0.752,2.0,0
V0919,Niger Fabrication Ltd.,0.05,1.0,3.111,0.245,5.604,0.62,0.132,1.0,1
V0920,Atlas Fabrication Partners Ltd.,0.89,0.461,3.155,3.511,7.312,0.296,0.557,8.0,0
V0921,Northgate Process Partners Ltd.,0.864,0.787,4.156,3.128,13.526,0.381,0.831,4.0,1
V0922,Primewell Drilling Nig. Ltd.,0.559,0.756,2.744,1.371,7.808,0.346,0.684,3.0,1
V0923,Beacon Petroleum Company Ltd.,1.746,0.383,4.554,2.238,6.245,0.35,0.701,5.0,0
V0924,Escravos Petroleum Nig. Ltd.,0.185,1.0,2.064,1.473,4.696,0.33,0.665,0.0,1
V0925,Trident Petroleum Systems Ltd.,1.26,0.445,3.575,2.157,1.942,0.029,0.774,6.0,0
V0926,Bayelsa Marine Partners Ltd.,1.454,0.642,4.584,2.541,11.879,0.232,0.455,4.0,0
V0927,Calabar Petroleum Systems Ltd.,1.253,0.53,2.429,0.606,12.396,0.287,0.706,2.0,0
V0928,Escravos Marine Systems Ltd.,0.113,0.138,1.495,1.023,7.954,0.252,0.776,2.0,0
V0929,Niger Process Ltd.,1.28,0.055,2.874,2.609,8.795,0.328,0.975,6.0,0
V0930,Atlas Technical Systems Ltd.,1.639,0.543,1.572,3.457,12.882,0.213,0.378,6.0,0
V0931,Trident Engineering Company Ltd.,1.513,0.383,3.297,3.346,3.758,0.33,0.678,2.0,0
V0932,Rivers Energy Company Ltd.,0.723,0.31,4.37,3.221,1.263,0.316,0.813,4.0,0
V0933,Vanguard Offshore Nig. Ltd.,1.745,0.532,3.401,1.137,8.352,0.287,0.594,7.0,0
V0934,Anchor Integrated Ltd.,0.67,1.0,2.612,0.691,1.202,0.394,0.64,1.0,1
V0935,Akwa Integrated Services Ltd.,1.886,0.707,3.063,3.371,6.548,0.265,0.626,7.0,0
V0936,Southfield Petroleum Partners Ltd.,0.841,0.591,2.847,3.053,8.889,0.335,0.839,5.0,1
V0937,Crestline Marine Systems Ltd.,1.024,0.356,4.176,0.623,9.697,0.229,0.769,5.0,0
V0938,Delta Integrated Group Ltd.,0.696,0.484,3.886,3.193,7.302,0.289,0.898,2.0,0
V0939,Pinnacle Oilfield Group Ltd.,1.213,0.791,3.8,2.965,10.174,0.162,0.907,4.0,0
V0940,Escravos Subsea Services Ltd.,0.555,0.806,1.0,0.063,4.73,0.488,0.642,0.0,1
V0941,Escravos Pipeline Solutions Ltd.,0.116,0.278,4.082,4.423,5.925,0.208,0.588,0.0,0
V0942,Crestline Energy Solutions Ltd.,0.809,0.42,4.541,1.69,7.613,0.293,0.456,6.0,1
V0943,Delta Engineering Systems Ltd.,0.942,0.707,5.492,2.388,10.333,0.107,0.608,2.0,0
V0944,Qua Iboe Industrial Solutions Ltd.,0.642,0.304,2.573,0.645,2.201,0.19,0.789,3.0,0
V0945,Highland Technical Company Ltd.,1.416,0.372,3.283,3.368,5.427,0.448,0.91,6.0,0
V0946,Trident Process Systems Ltd.,0.641,0.506,4.073,1.485,10.357,0.222,0.938,3.0,0
V0947,Anchor Engineering Group Ltd.,0.653,0.645,3.185,3.021,5.125,0.182,0.573,0.0,1
V0948,Vanguard Process Systems Ltd.,1.171,0.374,4.918,3.796,7.992,0.252,0.837,4.0,0
V0949,Onne Integrated Company Ltd.,0.237,0.522,2.357,0.62,6.029,0.165,0.682,1.0,1
V0950,Onne Engineering Group Ltd.,0.79,0.392,4.839,0.29,4.14,0.412,0.377,5.0,0
V0951,Westgate Technical Ltd.,1.098,0.244,4.916,1.824,4.977,0.236,0.676,2.0,0
V0952,Pinnacle Integrated Partners Ltd.,1.567,0.275,5.342,2.669,8.223,0.246,0.847,0.0,0
V0953,Brass Fabrication Partners Ltd.,0.533,0.523,3.419,2.644,1.372,0.436,0.385,4.0,1
V0954,Beacon Fabrication Ltd.,1.619,0.813,2.147,3.72,3.911,0.504,0.636,3.0,1
V0955,Summit Industrial Services Ltd.,1.084,0.701,3.964,3.029,4.673,0.184,0.791,0.0,0
V0956,Atlas Energy Solutions Ltd.,1.215,0.554,3.842,2.751,12.972,0.255,0.903,7.0,0
V0957,Calabar Technical Ltd.,1.577,0.38,4.905,2.909,12.015,0.222,0.78,3.0,0
V0958,Calabar Fabrication Partners Ltd.,1.052,0.536,4.35,0.972,8.595,0.13,0.756,5.0,0
V0959,Brass Pipeline Systems Ltd.,0.227,0.911,3.599,0.258,6.715,0.726,0.499,1.0,1
V0960,Warri Pipeline Partners Ltd.,1.076,0.485,4.628,0.405,7.885,0.293,0.812,2.0,0
V0961,Beacon Drilling Services Ltd.,0.782,0.332,2.32,3.815,5.159,0.142,0.84,6.0,0
V0962,Highland Oilfield Nig. Ltd.,0.284,0.466,3.179,1.105,3.177,0.468,0.871,2.0,1
V0963,Anchor Offshore Services Ltd.,0.308,0.401,3.739,3.733,0.232,0.208,0.769,0.0,0
V0964,Eastport Marine Partners Ltd.,1.089,0.394,3.902,2.983,6.903,0.182,0.742,6.0,0
V0965,Akwa Engineering Group Ltd.,0.48,0.168,1.664,3.049,0.0,0.353,0.881,1.0,0
V0966,Akwa Process Nig. Ltd.,1.406,0.184,4.04,2.467,8.641,0.086,0.822,6.0,0
V0967,Gulf Oilfield Nig. Ltd.,0.553,0.499,3.209,2.056,6.861,0.292,0.671,5.0,0
V0968,Warri Offshore Nig. Ltd.,1.369,0.481,2.255,3.356,9.465,0.332,0.55,4.0,1
V0969,Forcados Energy Services Ltd.,1.527,0.352,3.403,2.953,8.729,0.122,0.813,6.0,0
V0970,Pinnacle Marine Services Ltd.,0.826,0.493,3.659,2.753,5.578,0.064,0.813,7.0,0
V0971,Atlas Maritime Solutions Ltd.,1.018,0.486,3.591,3.41,8.334,0.391,0.668,0.0,0
V0972,Atlas Fabrication Group Ltd.,0.721,0.213,3.011,1.156,2.116,0.327,0.778,5.0,0
V0973,Westfield Industrial Solutions Ltd.,1.345,0.462,4.303,3.498,4.06,0.144,0.763,5.0,0
V0974,Delta Process Solutions Ltd.,0.275,0.649,2.934,0.482,6.768,0.788,0.66,1.0,1
V0975,Oceanic Maritime Group Ltd.,0.957,0.448,2.314,3.025,5.168,0.292,0.692,6.0,0
V0976,Summit Industrial Systems Ltd.,0.243,0.672,2.704,0.695,5.049,0.504,0.142,0.0,1
V0977,Seabright Engineering Company Ltd.,1.194,0.388,3.928,4.812,14.039,0.532,0.946,1.0,0
V0978,Highland Industrial Company Ltd.,1.615,0.572,4.226,0.558,7.19,0.237,0.738,3.0,0
V0979,Riverside Process Ltd.,0.656,0.695,2.754,2.237,2.714,0.131,0.375,4.0,1
V0980,Oceanic Integrated Company Ltd.,0.397,0.634,2.771,2.013,0.0,0.222,0.825,1.0,1
V0981,Escravos Fabrication Group Ltd.,0.293,0.662,2.088,1.66,3.681,0.597,0.513,2.0,1
V0982,Riverside Fabrication Solutions Ltd.,0.472,0.517,3.236,0.86,1.281,0.14,0.573,2.0,1
V0983,Crestline Subsea Company Ltd.,0.672,0.941,2.225,1.696,2.053,0.37,0.733,0.0,1
V0984,Qua Iboe Marine Systems Ltd.,0.581,0.819,3.418,0.908,8.372,0.194,1.0,8.0,0
V0985,Delta Energy Company Ltd.,0.401,0.494,3.921,3.761,10.549,0.293,0.587,0.0,0
V0986,Onne Fabrication Services Ltd.,0.862,0.8,3.233,1.801,7.695,0.376,0.576,5.0,1
V0987,Trident Pipeline Services Ltd.,0.865,0.492,3.033,2.251,8.26,0.357,0.613,5.0,0
V0988,Westgate Fabrication Partners Ltd.,0.902,0.462,2.427,4.452,8.216,0.313,0.824,6.0,0
V0989,Warri Maritime Services Ltd.,0.785,0.41,4.24,2.88,8.713,0.278,0.946,2.0,0
V0990,Pinnacle Fabrication Group Ltd.,0.646,0.391,4.561,1.348,4.861,0.308,0.823,9.0,0
V0991,Westgate Integrated Partners Ltd.,0.336,0.683,3.257,2.863,3.968,0.249,0.728,2.0,1
V0992,Bonny Offshore Partners Ltd.,0.469,0.215,4.388,1.136,9.826,0.399,0.841,6.0,0
V0993,Warri Drilling Partners Ltd.,1.054,0.617,2.812,1.59,10.305,0.314,0.761,5.0,1
V0994,Seabright Drilling Nig. Ltd.,0.05,1.0,3.624,0.463,0.961,0.527,0.72,1.0,1
V0995,Akwa Marine Solutions Ltd.,0.906,0.891,3.791,0.973,11.489,0.509,0.661,4.0,1
V0996,Southfield Process Company Ltd.,0.363,0.345,3.682,3.929,8.771,0.15,0.651,7.0,0
V0997,Calabar Energy Solutions Ltd.,1.574,0.16,3.108,2.693,2.961,0.219,0.871,6.0,0
V0998,Anchor Industrial Partners Ltd.,1.179,0.674,4.716,2.953,6.407,0.22,0.803,3.0,1
V0999,Bayelsa Engineering Partners Ltd.,0.43,0.74,2.792,2.888,0.0,0.274,1.0,2.0,1
V1000,Bonny Petroleum Company Ltd.,1.352,0.331,3.212,3.997,9.923,0.207,0.846,7.0,0
